,animal,session,cluster,p value
0,BS_108,BS_108_4_AC.pickle,26,0.48426781636683636
1,BS_108,BS_108_6_AC.pickle,9,0.05375952830797519
2,BS_108,BS_108_6_AC.pickle,35,0.4248844246383866
3,BS_108,BS_108_6_AC.pickle,47,0.39916433586052524
4,BS_108,BS_108_6_AC.pickle,49,0.7383519954302756
5,BS_108,BS_108_6_AC.pickle,72,0.552833053167178
6,BS_108,BS_108_6_AC.pickle,73,0.4383893583700643
7,BS_108,BS_108_6_AC.pickle,76,0.6496501555605083
8,BS_108,BS_108_6_AC.pickle,88,0.17267960053952208
9,BS_108,BS_108_6_AC.pickle,126,0.5722691427183959
10,BS_40,BS_40_10_AC.pickle,3,0.701366508345028
11,BS_40,BS_40_10_AC.pickle,5,0.22046724338588433
12,BS_40,BS_40_10_AC.pickle,9,1.5011678818390646e-08
13,BS_40,BS_40_10_AC.pickle,12,0.6006172338360434
14,BS_40,BS_40_10_AC.pickle,22,0.8073270191166463
15,BS_40,BS_40_10_AC.pickle,23,0.8753206230383159
16,BS_40,BS_40_10_AC.pickle,25,0.3862926401984582
17,BS_40,BS_40_10_AC.pickle,44,0.44927236575636664
18,BS_40,BS_40_10_AC.pickle,55,0.4657770542864702
19,BS_40,BS_40_10_AC.pickle,58,0.4096176801320768
20,BS_40,BS_40_10_AC.pickle,73,0.6872321739371255
21,BS_40,BS_40_12_AC.pickle,2,0.8064109154451902
22,BS_40,BS_40_12_AC.pickle,27,0.07133061259857695
23,BS_40,BS_40_12_AC.pickle,52,0.37222451985735017
24,BS_40,BS_40_12_AC.pickle,56,0.18273049135327535
25,BS_40,BS_40_12_AC.pickle,57,0.14313854883748406
26,BS_40,BS_40_12_AC.pickle,118,0.9253801436071676
27,BS_40,BS_40_15_AC.pickle,0,0.7571241223382024
28,BS_40,BS_40_15_AC.pickle,1,0.26484364946209576
29,BS_40,BS_40_15_AC.pickle,3,0.10404876749853084
30,BS_40,BS_40_15_AC.pickle,7,0.16812446777971146
31,BS_40,BS_40_15_AC.pickle,10,0.4361705589592437
32,BS_40,BS_40_15_AC.pickle,40,0.1526623273380243
33,BS_40,BS_40_15_AC.pickle,47,0.08511305465222337
34,BS_40,BS_40_15_AC.pickle,62,0.16443651705745774
35,BS_40,BS_40_15_AC.pickle,64,0.2206911362808867
36,BS_40,BS_40_15_AC.pickle,66,0.9453460176078986
37,BS_40,BS_40_15_AC.pickle,68,0.25711440722771234
38,BS_40,BS_40_16_AC.pickle,0,0.9370103905897454
39,BS_40,BS_40_16_AC.pickle,4,0.1300014625837915
40,BS_40,BS_40_16_AC.pickle,5,0.03236513345443658
41,BS_40,BS_40_16_AC.pickle,10,0.06969616700620695
42,BS_40,BS_40_16_AC.pickle,14,0.15634343614504118
43,BS_40,BS_40_16_AC.pickle,15,0.6483822679589613
44,BS_40,BS_40_16_AC.pickle,16,0.350693680792344
45,BS_40,BS_40_16_AC.pickle,21,0.01851070503043492
46,BS_40,BS_40_16_AC.pickle,24,0.654549531238082
47,BS_40,BS_40_16_AC.pickle,35,0.7397611569399353
48,BS_40,BS_40_18_AC.pickle,2,0.36325716952006337
49,BS_40,BS_40_18_AC.pickle,4,0.7285707501458658
50,BS_40,BS_40_18_AC.pickle,19,0.12287945877495851
51,BS_40,BS_40_18_AC.pickle,36,0.7587264689787659
52,BS_40,BS_40_18_AC.pickle,41,0.8450446443549634
53,BS_40,BS_40_18_AC.pickle,49,0.2788348934759452
54,BS_40,BS_40_19_AC.pickle,1,0.046456499337166994
55,BS_40,BS_40_19_AC.pickle,6,0.05374706577668424
56,BS_40,BS_40_19_AC.pickle,19,0.3693900950258232
57,BS_40,BS_40_19_AC.pickle,22,0.18452041356730606
58,BS_40,BS_40_19_AC.pickle,31,0.765384643901555
59,BS_40,BS_40_19_AC.pickle,34,0.07401566310857012
60,BS_40,BS_40_19_AC.pickle,46,0.5718658186389303
61,BS_40,BS_40_19_AC.pickle,47,0.5994673524677473
62,BS_40,BS_40_19_AC.pickle,48,0.6748674989621194
63,BS_40,BS_40_21_AC.pickle,49,0.06682508620657403
64,BS_40,BS_40_21_AC.pickle,54,0.266569703380069
65,BS_40,BS_40_2_AC.pickle,15,0.2774686612839257
66,BS_40,BS_40_2_AC.pickle,18,0.03491237453963599
67,BS_40,BS_40_2_AC.pickle,33,0.854919807778475
68,BS_40,BS_40_2_AC.pickle,43,0.12636692022602541
69,BS_40,BS_40_2_AC.pickle,45,0.8543932813064644
70,BS_40,BS_40_2_AC.pickle,46,0.4882493279672583
71,BS_40,BS_40_2_AC.pickle,51,0.32322008669032565
72,BS_40,BS_40_2_AC.pickle,56,0.19539182652522696
73,BS_40,BS_40_2_AC.pickle,58,0.11352107461817373
74,BS_40,BS_40_2_AC.pickle,61,0.48194643052972763
75,BS_40,BS_40_2_AC.pickle,65,0.23103624169882306
76,BS_40,BS_40_2_AC.pickle,66,0.08859073661688055
77,BS_40,BS_40_2_AC.pickle,67,0.19504548135570599
78,BS_40,BS_40_2_AC.pickle,70,0.003820662858715394
79,BS_40,BS_40_2_AC.pickle,72,0.8256596577117779
80,BS_40,BS_40_2_AC.pickle,96,0.14557279296982523
81,BS_40,BS_40_2_AC.pickle,97,0.518089854786798
82,BS_40,BS_40_2_AC.pickle,98,0.9141257449144071
83,BS_40,BS_40_2_AC.pickle,103,0.5265817277998553
84,BS_40,BS_40_2_AC.pickle,115,0.6420840672216901
85,BS_40,BS_40_2_AC.pickle,120,0.4693958399082404
86,BS_40,BS_40_2_AC.pickle,133,0.7264209294914106
87,BS_40,BS_40_2_AC.pickle,162,0.018178346492812508
88,BS_40,BS_40_2_AC.pickle,164,0.23792691851401185
89,BS_40,BS_40_2_AC.pickle,165,0.003451391663738538
90,BS_40,BS_40_2_AC.pickle,166,0.9756800393569145
91,BS_40,BS_40_2_AC.pickle,188,0.37062166841123945
92,BS_40,BS_40_2_AC.pickle,189,0.0196022681937975
93,BS_40,BS_40_2_AC.pickle,190,0.509705949867503
94,BS_40,BS_40_2_AC.pickle,194,0.13449754466663616
95,BS_40,BS_40_2_AC.pickle,195,0.9968010721255345
96,BS_40,BS_40_2_AC.pickle,201,0.4862820580306174
97,BS_40,BS_40_2_AC.pickle,204,0.06833192795503498
98,BS_40,BS_40_2_AC.pickle,206,0.6456128517684969
99,BS_40,BS_40_2_AC.pickle,212,0.056894861534311926
100,BS_40,BS_40_2_AC.pickle,213,0.8325582047634384
101,BS_40,BS_40_2_AC.pickle,225,0.6783862365868267
102,BS_40,BS_40_2_AC.pickle,230,0.48891811654830175
103,BS_40,BS_40_3_AC.pickle,0,0.026954773608625426
104,BS_40,BS_40_3_AC.pickle,10,0.33490420931662956
105,BS_40,BS_40_3_AC.pickle,14,0.26936956615514707
106,BS_40,BS_40_3_AC.pickle,15,0.05636817157430127
107,BS_40,BS_40_3_AC.pickle,23,0.38390282162941525
108,BS_40,BS_40_3_AC.pickle,37,0.7435679723131952
109,BS_40,BS_40_3_AC.pickle,53,0.9698522198910732
110,BS_40,BS_40_3_AC.pickle,57,0.7511784793779037
111,BS_40,BS_40_3_AC.pickle,71,0.6795921562891889
112,BS_40,BS_40_3_AC.pickle,81,0.3955387106978221
113,BS_40,BS_40_3_AC.pickle,84,0.3187058701787364
114,BS_40,BS_40_3_AC.pickle,105,0.47069677573970536
115,BS_40,BS_40_3_AC.pickle,108,0.4475292833573258
116,BS_40,BS_40_3_AC.pickle,111,0.9626597144192977
117,BS_40,BS_40_3_AC.pickle,114,0.7248697600254321
118,BS_40,BS_40_3_AC.pickle,155,0.14928025439540205
119,BS_40,BS_40_4_AC.pickle,0,0.22779327060337148
120,BS_40,BS_40_4_AC.pickle,7,0.5745124410455066
121,BS_40,BS_40_4_AC.pickle,9,0.7580141375473128
122,BS_40,BS_40_4_AC.pickle,10,0.3573149807276641
123,BS_40,BS_40_4_AC.pickle,15,0.8220203379807036
124,BS_40,BS_40_4_AC.pickle,18,0.3021919933157699
125,BS_40,BS_40_5_AC.pickle,5,0.24457820954894754
126,BS_40,BS_40_5_AC.pickle,27,0.5630199823818529
127,BS_40,BS_40_6_AC.pickle,4,0.3239259966153276
128,BS_40,BS_40_6_AC.pickle,7,0.9473075419145118
129,BS_40,BS_40_6_AC.pickle,10,0.16828496011817887
130,BS_40,BS_40_6_AC.pickle,11,0.2889542089212821
131,BS_40,BS_40_6_AC.pickle,15,0.17795838503952338
132,BS_40,BS_40_6_AC.pickle,21,0.41884245948491916
133,BS_40,BS_40_6_AC.pickle,24,0.0790002691769039
134,BS_40,BS_40_6_AC.pickle,25,1.0
135,BS_40,BS_40_6_AC.pickle,26,0.1216913938859856
136,BS_40,BS_40_6_AC.pickle,27,0.7293779878746826
137,BS_40,BS_40_7_AC.pickle,23,0.27560541319181914
138,BS_40,BS_40_7_AC.pickle,33,0.016749956795791512
139,BS_40,BS_40_7_AC.pickle,85,0.5790638572792348
140,BS_40,BS_40_8_AC.pickle,6,0.41567026491247316
141,BS_40,BS_40_8_AC.pickle,48,0.665876390511462
142,BS_41,BS_41_2_AC.pickle,10,0.19986817248452035
143,BS_41,BS_41_2_AC.pickle,119,0.5256169213629707
144,BS_41,BS_41_2_AC.pickle,155,1.0
145,BS_41,BS_41_4_AC.pickle,0,0.615096536639126
146,BS_41,BS_41_4_AC.pickle,6,0.5844839732486447
147,BS_41,BS_41_4_AC.pickle,10,0.8051607367760052
148,BS_41,BS_41_4_AC.pickle,17,0.027779462779964594
149,BS_41,BS_41_4_AC.pickle,19,0.6829488117635352
150,BS_41,BS_41_4_AC.pickle,20,0.07771898159224626
151,BS_41,BS_41_4_AC.pickle,38,0.1201304160168783
152,BS_41,BS_41_4_AC.pickle,55,0.034829202789400104
153,BS_41,BS_41_4_AC.pickle,57,0.09199372730050658
154,BS_41,BS_41_4_AC.pickle,64,0.5797285488650404
155,BS_41,BS_41_4_AC.pickle,66,0.19449841345616306
156,BS_41,BS_41_4_AC.pickle,73,0.00013985742080312565
157,BS_41,BS_41_4_AC.pickle,95,0.31593064635133844
158,BS_41,BS_41_4_AC.pickle,96,0.004598570066031285
159,BS_41,BS_41_4_AC.pickle,101,5.7946374777141406e-05
160,BS_41,BS_41_4_AC.pickle,109,0.14099800510351454
161,BS_41,BS_41_4_AC.pickle,114,0.19861222639575699
162,BS_41,BS_41_4_AC.pickle,115,0.8414869073447457
163,BS_41,BS_41_4_AC.pickle,117,0.18443312380535787
164,BS_41,BS_41_4_AC.pickle,119,0.5515588089792118
165,BS_41,BS_41_5_AC.pickle,2,0.010206103793644342
166,BS_41,BS_41_5_AC.pickle,6,0.6049359562396928
167,BS_41,BS_41_5_AC.pickle,67,0.5468623608915171
168,BS_41,BS_41_5_AC.pickle,68,0.03241323021300852
169,BS_41,BS_41_5_AC.pickle,73,0.7755697549865217
170,BS_41,BS_41_5_AC.pickle,85,0.01890617883883108
171,BS_41,BS_41_6_AC.pickle,1,0.9887105557620757
172,BS_41,BS_41_6_AC.pickle,3,0.023335660672432892
173,BS_41,BS_41_6_AC.pickle,7,0.4425053967628835
174,BS_41,BS_41_7_AC.pickle,0,0.651626079966628
175,BS_41,BS_41_7_AC.pickle,24,0.041624485521675775
176,BS_41,BS_41_7_AC.pickle,36,0.09589397808053006
177,BS_41,BS_41_7_AC.pickle,50,0.2809306711350762
178,BS_41,BS_41_7_AC.pickle,57,0.1964191602201878
179,BS_41,BS_41_7_AC.pickle,59,0.00029650421770049967
180,BS_41,BS_41_7_AC.pickle,62,0.007602283620119451
181,BS_41,BS_41_7_AC.pickle,63,0.18519267055020908
182,BS_41,BS_41_7_AC.pickle,64,0.28780208441364247
183,BS_41,BS_41_7_AC.pickle,73,0.1012250396220933
184,BS_41,BS_41_7_AC.pickle,81,0.24936028712459135
185,BS_41,BS_41_8_AC.pickle,17,0.4614921703202739
186,BS_41,BS_41_8_AC.pickle,59,0.43454575749029667
187,BS_41,BS_41_8_AC.pickle,67,0.7868357319464538
188,BS_41,BS_41_8_AC.pickle,77,0.8905160457176615
189,BS_41,BS_41_8_AC.pickle,79,0.6576973474538237
190,BS_41,BS_41_8_AC.pickle,82,0.8161245244490816
191,BS_41,BS_41_9_AC.pickle,3,0.6999679175843656
192,BS_41,BS_41_9_AC.pickle,24,0.5698365798139691
193,BS_41,BS_41_9_AC.pickle,37,0.6692390574227951
194,BS_41,BS_41_9_AC.pickle,75,0.027546111415618916
195,BS_41,BS_41_9_AC.pickle,80,0.1954028909263899
196,BS_41,BS_41_9_AC.pickle,101,0.6245225559788321
197,BS_41,BS_41_9_AC.pickle,102,0.6814647116704219
198,BS_41,BS_41_9_AC.pickle,103,0.8160612684607099
199,BS_42,BS_42_10_AC.pickle,3,0.20940107912834377
200,BS_42,BS_42_10_AC.pickle,8,0.44018058823019246
201,BS_42,BS_42_10_AC.pickle,11,0.5325609113617069
202,BS_42,BS_42_10_AC.pickle,26,0.15517825021077827
203,BS_42,BS_42_11_AC.pickle,44,0.4499393703880985
204,BS_42,BS_42_2_AC.pickle,3,0.7084040388474937
205,BS_42,BS_42_2_AC.pickle,5,0.012561922373572145
206,BS_42,BS_42_2_AC.pickle,15,0.629450620035253
207,BS_42,BS_42_2_AC.pickle,16,0.006820066001602964
208,BS_42,BS_42_2_AC.pickle,27,0.7825570288443492
209,BS_42,BS_42_2_AC.pickle,41,0.14233563707701335
210,BS_42,BS_42_2_AC.pickle,54,0.8221275476882317
211,BS_42,BS_42_2_AC.pickle,57,0.118403552487746
212,BS_42,BS_42_2_AC.pickle,68,0.4946544207388518
213,BS_42,BS_42_2_AC.pickle,69,0.7192111960757319
214,BS_42,BS_42_2_AC.pickle,78,0.0020701564897238497
215,BS_42,BS_42_2_AC.pickle,82,0.9001862414466604
216,BS_42,BS_42_2_AC.pickle,84,0.4534918989920943
217,BS_42,BS_42_2_AC.pickle,85,0.5077763200640979
218,BS_42,BS_42_2_AC.pickle,86,0.9248892482932006
219,BS_42,BS_42_2_AC.pickle,116,0.7029851141897303
220,BS_42,BS_42_3_AC.pickle,5,0.36540943744395127
221,BS_42,BS_42_3_AC.pickle,19,0.9237582091646774
222,BS_42,BS_42_3_AC.pickle,26,0.9543229954807342
223,BS_42,BS_42_3_AC.pickle,51,0.008139686450556554
224,BS_42,BS_42_3_AC.pickle,55,0.7384479504491692
225,BS_42,BS_42_3_AC.pickle,56,0.9211904250574289
226,BS_42,BS_42_3_AC.pickle,61,0.5940641929100672
227,BS_42,BS_42_3_AC.pickle,66,0.360764888761393
228,BS_42,BS_42_3_AC.pickle,107,0.6208428992200403
229,BS_42,BS_42_4_AC.pickle,0,0.0023656348872188684
230,BS_42,BS_42_4_AC.pickle,1,0.7836120218359628
231,BS_42,BS_42_4_AC.pickle,7,0.1720799282747504
232,BS_42,BS_42_4_AC.pickle,13,0.022893068137192697
233,BS_42,BS_42_4_AC.pickle,16,0.03223068987284755
234,BS_42,BS_42_4_AC.pickle,18,0.1751344308472149
235,BS_42,BS_42_4_AC.pickle,26,0.007798196171109549
236,BS_42,BS_42_4_AC.pickle,38,0.04760103335186881
237,BS_42,BS_42_4_AC.pickle,40,0.21085620730281487
238,BS_42,BS_42_4_AC.pickle,41,0.4463926273838541
239,BS_42,BS_42_4_AC.pickle,42,0.11626954919919988
240,BS_42,BS_42_4_AC.pickle,45,0.0009775640294335537
241,BS_42,BS_42_4_AC.pickle,46,0.5774875455801547
242,BS_42,BS_42_4_AC.pickle,47,0.7204959069473594
243,BS_42,BS_42_4_AC.pickle,48,0.12450489858222376
244,BS_42,BS_42_4_AC.pickle,50,0.004488893948605401
245,BS_42,BS_42_4_AC.pickle,51,0.11381331888123163
246,BS_42,BS_42_4_AC.pickle,52,0.2617829213732728
247,BS_42,BS_42_4_AC.pickle,58,0.7799834422826896
248,BS_42,BS_42_4_AC.pickle,61,0.3273350805726082
249,BS_42,BS_42_4_AC.pickle,62,0.060039764933317676
250,BS_42,BS_42_4_AC.pickle,65,0.5565736263787533
251,BS_42,BS_42_4_AC.pickle,68,0.3981746199731322
252,BS_42,BS_42_4_AC.pickle,69,0.6169275340321776
253,BS_42,BS_42_5_AC.pickle,1,0.5404035385498371
254,BS_42,BS_42_5_AC.pickle,11,0.3481256167929869
255,BS_42,BS_42_5_AC.pickle,13,0.0004840346206548359
256,BS_42,BS_42_5_AC.pickle,23,0.3705261895524131
257,BS_42,BS_42_5_AC.pickle,24,0.006625292382775733
258,BS_42,BS_42_6_AC.pickle,0,0.7280356151007115
259,BS_42,BS_42_6_AC.pickle,8,0.021158135159371882
260,BS_42,BS_42_6_AC.pickle,22,3.884487734085968e-07
261,BS_42,BS_42_6_AC.pickle,26,0.9374356623269546
262,BS_42,BS_42_6_AC.pickle,36,0.9772166496068282
263,BS_42,BS_42_6_AC.pickle,47,0.12557969649901926
264,BS_42,BS_42_6_AC.pickle,48,0.14866242208017272
265,BS_42,BS_42_6_AC.pickle,49,0.09579679613523372
266,BS_42,BS_42_6_AC.pickle,62,4.7928051223238e-05
267,BS_42,BS_42_6_AC.pickle,73,0.31772659172830486
268,BS_42,BS_42_8_AC.pickle,14,0.6968071555805917
269,BS_49,BS_49_12_AC.pickle,6,0.08265731893057045
270,BS_49,BS_49_12_AC.pickle,10,0.34325776962069643
271,BS_49,BS_49_12_AC.pickle,13,0.9684842410927048
272,BS_49,BS_49_12_AC.pickle,22,0.48543414352068137
273,BS_49,BS_49_12_AC.pickle,39,0.6548947708235602
274,BS_49,BS_49_14_AC.pickle,12,0.0012473929883060422
275,BS_49,BS_49_14_AC.pickle,16,0.3577224624053832
276,BS_49,BS_49_16_AC.pickle,7,0.28099502313984914
277,BS_49,BS_49_16_AC.pickle,10,0.6678059061542948
278,BS_49,BS_49_16_AC.pickle,17,0.033221159122455504
279,BS_49,BS_49_1_AC.pickle,4,0.5319018766166881
280,BS_49,BS_49_1_AC.pickle,6,0.04881826343003401
281,BS_49,BS_49_1_AC.pickle,8,0.9209275736273742
282,BS_49,BS_49_1_AC.pickle,10,0.7329445805510229
283,BS_49,BS_49_1_AC.pickle,11,0.22579988639652307
284,BS_49,BS_49_1_AC.pickle,15,0.10402185404043261
285,BS_49,BS_49_1_AC.pickle,23,0.45928684839612754
286,BS_49,BS_49_1_AC.pickle,24,0.8285612422084658
287,BS_49,BS_49_1_AC.pickle,29,0.03282226905960787
288,BS_49,BS_49_1_AC.pickle,33,0.10597102903505025
289,BS_49,BS_49_1_AC.pickle,34,0.7131527775550286
290,BS_49,BS_49_1_AC.pickle,46,0.09998451450151354
291,BS_49,BS_49_1_AC.pickle,49,0.011756186582059408
292,BS_49,BS_49_1_AC.pickle,58,0.023303426071020976
293,BS_49,BS_49_1_AC.pickle,66,0.9127206338211199
294,BS_49,BS_49_1_AC.pickle,69,0.20237520560766012
295,BS_49,BS_49_1_AC.pickle,71,0.8102907195277433
296,BS_49,BS_49_1_AC.pickle,73,0.23143155022248105
297,BS_49,BS_49_1_AC.pickle,74,0.0959006940749289
298,BS_49,BS_49_1_AC.pickle,80,0.7854039455587275
299,BS_49,BS_49_1_AC.pickle,81,0.607690624722746
300,BS_49,BS_49_1_AC.pickle,82,0.5498157899916076
301,BS_49,BS_49_1_AC.pickle,96,0.588401944874961
302,BS_49,BS_49_1_AC.pickle,97,0.3752672213765986
303,BS_49,BS_49_1_AC.pickle,108,0.15857031468454216
304,BS_49,BS_49_1_AC.pickle,111,0.8635598023482665
305,BS_49,BS_49_1_AC.pickle,112,0.49734253403393236
306,BS_49,BS_49_1_AC.pickle,113,0.19385335160131917
307,BS_49,BS_49_1_AC.pickle,118,0.7566853846275279
308,BS_49,BS_49_1_AC.pickle,124,0.33483134373849444
309,BS_49,BS_49_1_AC.pickle,129,0.10206322272955459
310,BS_49,BS_49_1_AC.pickle,132,0.13011655458770668
311,BS_49,BS_49_1_AC.pickle,133,0.40127615769978586
312,BS_49,BS_49_1_AC.pickle,143,0.021964267916382958
313,BS_49,BS_49_1_AC.pickle,146,0.9241093334652727
314,BS_49,BS_49_1_AC.pickle,150,0.4746460417317936
315,BS_49,BS_49_1_AC.pickle,152,0.9669354183140431
316,BS_49,BS_49_1_AC.pickle,157,0.0008023965886522676
317,BS_49,BS_49_1_AC.pickle,161,0.2286786240659813
318,BS_49,BS_49_1_AC.pickle,162,0.03475489505135652
319,BS_49,BS_49_1_AC.pickle,169,0.015704961618088917
320,BS_49,BS_49_1_AC.pickle,178,0.017846915447102894
321,BS_49,BS_49_2_AC.pickle,4,0.5443963802500902
322,BS_49,BS_49_2_AC.pickle,6,0.6974997916153789
323,BS_49,BS_49_2_AC.pickle,11,0.7133852250243844
324,BS_49,BS_49_2_AC.pickle,12,0.12935302950184058
325,BS_49,BS_49_2_AC.pickle,16,0.013017500308462606
326,BS_49,BS_49_2_AC.pickle,17,0.8459442287142878
327,BS_49,BS_49_2_AC.pickle,20,0.4328107124339178
328,BS_49,BS_49_2_AC.pickle,31,0.9802923015653169
329,BS_49,BS_49_2_AC.pickle,39,0.2615649707584927
330,BS_49,BS_49_2_AC.pickle,42,0.678338944553309
331,BS_49,BS_49_2_AC.pickle,47,0.420043832608326
332,BS_49,BS_49_2_AC.pickle,58,0.9489874029462142
333,BS_49,BS_49_2_AC.pickle,64,0.747777296917892
334,BS_49,BS_49_2_AC.pickle,66,0.4033710617222117
335,BS_49,BS_49_2_AC.pickle,78,0.9021408194732135
336,BS_49,BS_49_2_AC.pickle,86,0.06224430175245083
337,BS_49,BS_49_2_AC.pickle,90,0.6728774107386999
338,BS_49,BS_49_2_AC.pickle,102,0.5401290552671709
339,BS_49,BS_49_2_AC.pickle,110,0.5343059265717433
340,BS_49,BS_49_2_AC.pickle,111,0.09406852294724107
341,BS_49,BS_49_2_AC.pickle,122,0.7829588172420265
342,BS_49,BS_49_2_AC.pickle,128,0.5058892475082195
343,BS_49,BS_49_4_AC.pickle,9,0.15043804296624785
344,BS_49,BS_49_4_AC.pickle,11,0.794343239758786
345,BS_49,BS_49_4_AC.pickle,14,0.569524732944746
346,BS_49,BS_49_4_AC.pickle,16,0.6663457630619238
347,BS_49,BS_49_4_AC.pickle,20,0.40914701898031847
348,BS_49,BS_49_4_AC.pickle,25,0.0013444585586152807
349,BS_49,BS_49_4_AC.pickle,27,0.43910964377294615
350,BS_49,BS_49_4_AC.pickle,29,0.4596016895669248
351,BS_49,BS_49_4_AC.pickle,35,0.0015961861375289395
352,BS_49,BS_49_4_AC.pickle,39,0.33152062331778054
353,BS_49,BS_49_4_AC.pickle,45,0.4566294876090885
354,BS_49,BS_49_4_AC.pickle,46,0.9836616624935324
355,BS_49,BS_49_4_AC.pickle,53,0.6099698961814204
356,BS_49,BS_49_4_AC.pickle,54,0.035346784411380935
357,BS_49,BS_49_4_AC.pickle,55,0.42427157100306656
358,BS_49,BS_49_4_AC.pickle,56,0.45440509964427855
359,BS_49,BS_49_4_AC.pickle,58,0.08918127590033785
360,BS_49,BS_49_4_AC.pickle,68,0.46327765966955625
361,BS_49,BS_49_5_AC.pickle,9,0.6199628868377499
362,BS_49,BS_49_5_AC.pickle,14,0.39439253729432
363,BS_49,BS_49_5_AC.pickle,18,0.30079266305593877
364,BS_49,BS_49_6_AC.pickle,0,0.41701455547250443
365,BS_49,BS_49_6_AC.pickle,4,0.2980698906606088
366,BS_49,BS_49_9_AC.pickle,15,0.4300865072983284
367,BS_49,BS_49_9_AC.pickle,18,0.0035367448541879596
368,BS_49,BS_49_9_AC.pickle,27,0.1309080133199905
369,BS_49,BS_49_9_AC.pickle,33,0.8867350409432001
370,BS_49,BS_49_9_AC.pickle,45,0.6511016584134266
371,BS_49,BS_49_9_AC.pickle,61,0.42944639916219873
372,BS_50,BS_50_2_AC.pickle,2,0.6313758711321513
373,BS_50,BS_50_2_AC.pickle,6,0.46775729321055404
374,BS_50,BS_50_2_AC.pickle,10,0.6113051576558501
375,BS_50,BS_50_2_AC.pickle,14,0.46859234210231815
376,BS_50,BS_50_2_AC.pickle,19,0.08470009465703769
377,BS_50,BS_50_2_AC.pickle,23,0.001596253742597722
378,BS_50,BS_50_2_AC.pickle,35,0.32471836323200287
379,BS_50,BS_50_2_AC.pickle,43,0.3456838962410411
380,BS_50,BS_50_2_AC.pickle,47,0.1963664895358535
381,BS_50,BS_50_2_AC.pickle,74,0.8299891615632824
382,BS_50,BS_50_2_AC.pickle,79,0.3471622355281643
383,BS_50,BS_50_2_AC.pickle,81,0.9272888238593392
384,BS_50,BS_50_2_AC.pickle,88,0.5615394688149719
385,BS_50,BS_50_2_AC.pickle,91,0.2062643883179492
386,BS_50,BS_50_2_AC.pickle,95,0.7163297184845734
387,BS_50,BS_50_3_AC.pickle,0,0.18873222954190688
388,BS_50,BS_50_3_AC.pickle,3,0.023556002425297366
389,BS_50,BS_50_3_AC.pickle,6,0.18641548753669918
390,BS_50,BS_50_3_AC.pickle,11,0.00922873856070651
391,BS_50,BS_50_3_AC.pickle,16,0.9758323900133941
392,BS_50,BS_50_3_AC.pickle,21,0.31889019178878186
393,BS_50,BS_50_3_AC.pickle,28,0.78071767782436
394,BS_50,BS_50_3_AC.pickle,34,0.3603972829730627
395,BS_50,BS_50_3_AC.pickle,41,0.7950351665939909
396,BS_50,BS_50_3_AC.pickle,45,0.8271219743422092
397,BS_50,BS_50_7_AC.pickle,3,0.6964681727640553
398,BS_50,BS_50_7_AC.pickle,5,0.010244163353013473
399,BS_50,BS_50_7_AC.pickle,10,0.4148361314714323
400,BS_50,BS_50_7_AC.pickle,12,0.1557460746152948
401,BS_50,BS_50_7_AC.pickle,20,0.5907199759241308
402,BS_50,BS_50_7_AC.pickle,23,0.011726884266683073
403,BS_51,BS_51_2_AC.pickle,3,0.46502624414199323
404,BS_51,BS_51_2_AC.pickle,7,0.460818268506883
405,BS_51,BS_51_2_AC.pickle,12,0.8134689825018042
406,BS_56,BS_56_1_AC.pickle,16,1.0
407,BS_56,BS_56_3_AC.pickle,2,0.4738308319553586
408,BS_56,BS_56_3_AC.pickle,7,0.7887712461898909
409,BS_56,BS_56_3_AC.pickle,13,0.42043845014647263
410,BS_56,BS_56_3_AC.pickle,20,0.6198216405860844
411,BS_56,BS_56_3_AC.pickle,31,0.8174208282195057
412,BS_56,BS_56_3_AC.pickle,35,0.5536099100745038
413,BS_56,BS_56_4_AC.pickle,5,0.07747115745522824
414,BS_56,BS_56_4_AC.pickle,6,0.4322851734185367
415,BS_70,BS_70_10_AC.pickle,11,0.0021493966012487687
416,BS_70,BS_70_10_AC.pickle,16,0.5250087027736285
417,BS_70,BS_70_10_AC.pickle,19,0.06966753456469356
418,BS_70,BS_70_10_AC.pickle,27,0.5820527645064746
419,BS_70,BS_70_10_AC.pickle,30,0.06586466913818721
420,BS_70,BS_70_10_AC.pickle,37,0.4411980558407266
421,BS_70,BS_70_10_AC.pickle,38,0.8979719502837906
422,BS_70,BS_70_10_AC.pickle,41,0.12550713493480287
423,BS_70,BS_70_10_AC.pickle,43,0.5208484491596203
424,BS_70,BS_70_11_AC.pickle,14,0.028824793545911137
425,BS_70,BS_70_11_AC.pickle,15,0.22181218008280779
426,BS_70,BS_70_11_AC.pickle,18,0.0015376202860255756
427,BS_70,BS_70_11_AC.pickle,23,0.13683570299639625
428,BS_70,BS_70_11_AC.pickle,32,0.43887286208570964
429,BS_70,BS_70_11_AC.pickle,35,0.5528790778664383
430,BS_70,BS_70_11_AC.pickle,37,0.08852917359625638
431,BS_70,BS_70_11_AC.pickle,38,0.7279982020828236
432,BS_70,BS_70_12_AC.pickle,6,0.06308248373448216
433,BS_70,BS_70_12_AC.pickle,7,0.13354413671887927
434,BS_70,BS_70_12_AC.pickle,19,0.8314295827096738
435,BS_70,BS_70_13_AC.pickle,5,0.7850697612868558
436,BS_70,BS_70_13_AC.pickle,8,0.6870109077745838
437,BS_70,BS_70_13_AC.pickle,18,0.46884112013076906
438,BS_70,BS_70_1_AC.pickle,1,0.8585862341442567
439,BS_70,BS_70_1_AC.pickle,13,0.5197874738445749
440,BS_70,BS_70_1_AC.pickle,15,0.5646210055826857
441,BS_70,BS_70_1_AC.pickle,31,0.10552315791968539
442,BS_70,BS_70_1_AC.pickle,37,0.8499631969053001
443,BS_70,BS_70_1_AC.pickle,66,0.7432967990524955
444,BS_70,BS_70_1_AC.pickle,73,0.5520777624216471
445,BS_70,BS_70_1_AC.pickle,74,0.7483587758138075
446,BS_70,BS_70_1_AC.pickle,81,0.5011423687329895
447,BS_70,BS_70_1_AC.pickle,98,0.606003852430476
448,BS_70,BS_70_1_AC.pickle,127,0.8335396643002897
449,BS_70,BS_70_1_AC.pickle,140,0.5425699759737991
450,BS_70,BS_70_5_AC.pickle,0,0.14103848447647874
451,BS_70,BS_70_5_AC.pickle,3,0.08509972967510186
452,BS_70,BS_70_5_AC.pickle,4,0.20107490589129703
453,BS_70,BS_70_5_AC.pickle,10,0.5053719727897286
454,BS_70,BS_70_6_AC.pickle,2,0.016422967301965866
455,BS_70,BS_70_6_AC.pickle,3,0.7632482155366576
456,BS_70,BS_70_6_AC.pickle,14,0.14331303673162468
457,BS_70,BS_70_6_AC.pickle,37,0.044016423687932175
458,BS_70,BS_70_6_AC.pickle,51,0.5580710035622776
459,BS_70,BS_70_6_AC.pickle,73,0.9839008431116095
460,BS_70,BS_70_6_AC.pickle,74,0.9631608942268736
461,BS_70,BS_70_6_AC.pickle,78,0.24517107528751128
462,BS_70,BS_70_6_AC.pickle,81,0.014148936944907344
463,BS_70,BS_70_7_AC.pickle,22,0.10323533107646635
464,BS_70,BS_70_7_AC.pickle,45,0.7543193397297537
465,BS_70,BS_70_7_AC.pickle,63,0.17113613716969248
466,BS_70,BS_70_7_AC.pickle,72,0.10196512431486487
467,BS_70,BS_70_8_AC.pickle,1,0.18198359134222677
468,BS_70,BS_70_8_AC.pickle,3,0.001322407090908805
469,BS_70,BS_70_8_AC.pickle,18,0.6305130600016444
470,BS_70,BS_70_8_AC.pickle,20,0.008916884896833255
471,BS_70,BS_70_8_AC.pickle,21,0.46334640936223226
472,BS_70,BS_70_8_AC.pickle,25,0.8703353088235051
473,BS_70,BS_70_8_AC.pickle,28,0.872241046400149
474,BS_70,BS_70_8_AC.pickle,29,0.001682879603353526
475,BS_70,BS_70_8_AC.pickle,36,0.26053466595355596
476,BS_70,BS_70_8_AC.pickle,40,0.22758785598214382
477,BS_70,BS_70_8_AC.pickle,42,0.10295719410064899
478,BS_70,BS_70_8_AC.pickle,48,0.31068948426842363
479,BS_70,BS_70_8_AC.pickle,52,0.929450315210111
480,BS_70,BS_70_8_AC.pickle,53,0.4866431651179761
481,BS_70,BS_70_9_AC.pickle,8,0.7691033431050351
482,BS_70,BS_70_9_AC.pickle,9,0.005067468469353647
483,BS_70,BS_70_9_AC.pickle,15,0.2761920566698227
484,BS_70,BS_70_9_AC.pickle,20,0.13979911754682325
485,BS_70,BS_70_9_AC.pickle,21,0.11903537414027356
486,BS_70,BS_70_9_AC.pickle,35,0.05135115497174317
487,BS_70,BS_70_9_AC.pickle,36,0.08006592202540441
488,BS_70,BS_70_9_AC.pickle,38,0.1931511422273609
489,BS_70,BS_70_9_AC.pickle,40,0.34665525563036426
490,BS_70,BS_70_9_AC.pickle,48,0.03717477541352742
491,BS_70,BS_70_9_AC.pickle,56,0.2074679222436242
492,BS_70,BS_70_9_AC.pickle,60,0.6455091269896029
493,BS_72,BS_72_10_AC.pickle,1,0.3929010059324114
494,BS_72,BS_72_10_AC.pickle,13,0.09198908878460597
495,BS_72,BS_72_10_AC.pickle,18,0.0008131025113746756
496,BS_72,BS_72_10_AC.pickle,24,0.34193779455076145
497,BS_72,BS_72_10_AC.pickle,31,0.03622153512024539
498,BS_72,BS_72_10_AC.pickle,32,0.3321032751540879
499,BS_72,BS_72_10_AC.pickle,39,0.06081260217352471
500,BS_72,BS_72_13_AC.pickle,0,0.37474996835346996
501,BS_72,BS_72_13_AC.pickle,12,0.3821052023498097
502,BS_72,BS_72_1_AC.pickle,0,0.36833660382637445
503,BS_72,BS_72_1_AC.pickle,24,0.5691271791902831
504,BS_72,BS_72_1_AC.pickle,29,0.7047062591660507
505,BS_72,BS_72_1_AC.pickle,41,0.10365136733619557
506,BS_72,BS_72_1_AC.pickle,54,0.5431662121007093
507,BS_72,BS_72_4_AC.pickle,0,0.03329745888827244
508,BS_72,BS_72_4_AC.pickle,2,0.546478147157989
509,BS_72,BS_72_4_AC.pickle,9,0.053960766565329624
510,BS_72,BS_72_4_AC.pickle,11,0.4394731736453237
511,BS_72,BS_72_4_AC.pickle,12,0.052079132083204804
512,BS_72,BS_72_4_AC.pickle,34,0.771258520281632
513,BS_72,BS_72_4_AC.pickle,43,0.019011771085470995
514,BS_72,BS_72_4_AC.pickle,44,0.6306941646232898
515,BS_72,BS_72_4_AC.pickle,46,0.5015666670672245
516,BS_72,BS_72_4_AC.pickle,54,0.11928311537816427
517,BS_72,BS_72_4_AC.pickle,55,0.4750682820850417
518,BS_72,BS_72_4_AC.pickle,64,0.29506394717339113
519,BS_72,BS_72_4_AC.pickle,68,0.7017985959904673
520,BS_72,BS_72_4_AC.pickle,70,0.07790227425691436
521,BS_72,BS_72_4_AC.pickle,79,0.12635950940996904
522,BS_72,BS_72_4_AC.pickle,95,0.1488734900621648
523,BS_72,BS_72_4_AC.pickle,115,0.0392690066549341
524,BS_72,BS_72_5_AC.pickle,0,0.04840446974634691
525,BS_72,BS_72_5_AC.pickle,10,0.7622061385543517
526,BS_72,BS_72_5_AC.pickle,33,0.4255410843102514
527,BS_72,BS_72_5_AC.pickle,42,0.29740932882650417
528,BS_72,BS_72_5_AC.pickle,54,0.0881000040834718
529,BS_72,BS_72_5_AC.pickle,55,0.08286572385239609
530,BS_72,BS_72_5_AC.pickle,58,0.5523563256792472
531,BS_72,BS_72_5_AC.pickle,61,0.1961422136913556
532,BS_72,BS_72_5_AC.pickle,63,0.5537316896341754
533,BS_72,BS_72_6_AC.pickle,7,0.05670386635871871
534,BS_72,BS_72_6_AC.pickle,12,0.5645054435108613
535,BS_72,BS_72_6_AC.pickle,17,0.3243575377072824
536,BS_72,BS_72_6_AC.pickle,23,0.7572259575874909
537,BS_72,BS_72_6_AC.pickle,26,0.25459448620571873
538,BS_72,BS_72_6_AC.pickle,27,0.7648219592336787
539,BS_72,BS_72_6_AC.pickle,31,0.11265319137701468
540,BS_72,BS_72_6_AC.pickle,40,0.532299451630877
541,BS_72,BS_72_6_AC.pickle,41,0.26981572395757886
542,BS_72,BS_72_6_AC.pickle,42,0.5482906900880562
543,BS_72,BS_72_6_AC.pickle,43,0.029821386319260595
544,BS_72,BS_72_6_AC.pickle,45,0.00033412081617975923
545,BS_72,BS_72_6_AC.pickle,57,0.42442125301665634
546,BS_72,BS_72_6_AC.pickle,64,0.8670605047593594
547,BS_72,BS_72_7_AC.pickle,14,0.6416977653124583
548,BS_72,BS_72_7_AC.pickle,15,0.4398455172330271
549,BS_72,BS_72_7_AC.pickle,16,0.22331097466184924
550,BS_72,BS_72_7_AC.pickle,33,0.49110316129530285
551,BS_72,BS_72_7_AC.pickle,35,0.13218335956755334
552,BS_72,BS_72_8_AC.pickle,5,0.368981490098127
553,BS_72,BS_72_8_AC.pickle,7,0.4866912466427542
554,BS_72,BS_72_8_AC.pickle,10,0.4033997093394447
555,BS_72,BS_72_8_AC.pickle,17,0.39106670644881747
556,BS_72,BS_72_8_AC.pickle,19,0.08779778393236316
557,BS_72,BS_72_8_AC.pickle,36,0.9687001329568924
558,BS_72,BS_72_8_AC.pickle,37,0.74330897099186
559,BS_72,BS_72_8_AC.pickle,44,0.8519487892131326
560,BS_72,BS_72_9_AC.pickle,8,0.8944673817317507
561,BS_72,BS_72_9_AC.pickle,11,0.8082073797956928
562,BS_87,BS_87_11_AC.pickle,1,0.5928341712401604
563,BS_87,BS_87_1_AC.pickle,8,0.5097506962799763
564,BS_87,BS_87_1_AC.pickle,12,0.2802528876262019
565,BS_87,BS_87_1_AC.pickle,30,0.31246264263712437
566,BS_87,BS_87_1_AC.pickle,39,0.640783787849214
567,BS_87,BS_87_4_AC.pickle,3,0.3704282039071264
568,BS_87,BS_87_4_AC.pickle,15,0.8529980827543524
569,BS_87,BS_87_4_AC.pickle,18,0.2388045078148677
570,BS_87,BS_87_4_AC.pickle,19,1.1423147787336537e-07
571,BS_87,BS_87_4_AC.pickle,26,0.4468161030387915
572,BS_87,BS_87_4_AC.pickle,27,0.29335118742328076
573,BS_87,BS_87_4_AC.pickle,33,0.66119137593685
574,BS_87,BS_87_4_AC.pickle,34,0.3648446385838392
575,BS_87,BS_87_4_AC.pickle,35,0.5341730104703744
576,BS_87,BS_87_4_AC.pickle,38,0.49931850927450727
577,BS_87,BS_87_4_AC.pickle,45,0.0007828936178300787
578,BS_87,BS_87_4_AC.pickle,57,0.06706260703979042
579,BS_87,BS_87_4_AC.pickle,62,0.05830099307883311
580,BS_87,BS_87_4_AC.pickle,63,0.024042938466900202
581,BS_87,BS_87_4_AC.pickle,73,0.7961766418000642
582,BS_87,BS_87_4_AC.pickle,74,0.7308896339651667
583,BS_87,BS_87_4_AC.pickle,99,0.08030066018834871
584,BS_87,BS_87_4_AC.pickle,115,
585,BS_87,BS_87_4_AC.pickle,124,0.0066856947819283995
586,BS_87,BS_87_4_AC.pickle,125,0.09313638532809046
587,BS_87,BS_87_4_AC.pickle,141,0.9498760976834689
588,BS_87,BS_87_4_AC.pickle,142,0.45294956681450305
589,BS_87,BS_87_4_AC.pickle,145,0.47788262792430025
590,BS_87,BS_87_4_AC.pickle,154,0.8301290496460978
591,BS_87,BS_87_4_AC.pickle,156,0.7350084955222077
592,BS_87,BS_87_4_AC.pickle,162,0.003957821597398702
593,BS_87,BS_87_4_AC.pickle,166,0.3878938772829921
594,BS_87,BS_87_4_AC.pickle,172,0.08806439771091663
595,BS_87,BS_87_4_AC.pickle,181,0.6719746365304737
596,BS_87,BS_87_4_AC.pickle,187,0.4409891394762647
597,BS_87,BS_87_4_AC.pickle,216,0.508510983945345
598,BS_87,BS_87_4_AC.pickle,227,0.19920919634952702
599,BS_87,BS_87_4_AC.pickle,267,0.2940662727550983
600,BS_87,BS_87_5_AC.pickle,7,0.8793623109303849
601,BS_87,BS_87_5_AC.pickle,11,0.5341415815345708
602,BS_87,BS_87_5_AC.pickle,14,0.6029621657617217
603,BS_87,BS_87_5_AC.pickle,18,0.007410210026613522
604,BS_87,BS_87_5_AC.pickle,24,0.17573093227992445
605,BS_87,BS_87_5_AC.pickle,25,0.0007235982671451197
606,BS_87,BS_87_5_AC.pickle,33,0.11467904184073145
607,BS_87,BS_87_5_AC.pickle,35,0.39720780213517337
608,BS_87,BS_87_5_AC.pickle,42,0.9147831497608233
609,BS_87,BS_87_5_AC.pickle,43,0.10720093155144504
610,BS_87,BS_87_5_AC.pickle,47,0.5875210784297016
611,BS_87,BS_87_5_AC.pickle,49,0.7734803145304742
612,BS_87,BS_87_5_AC.pickle,52,0.46313280457381556
613,BS_87,BS_87_5_AC.pickle,53,0.6756163666931785
614,BS_87,BS_87_5_AC.pickle,55,0.050939462220270154
615,BS_87,BS_87_5_AC.pickle,83,0.6672424033344677
616,BS_87,BS_87_5_AC.pickle,84,0.5436477724670852
617,BS_87,BS_87_5_AC.pickle,87,0.5485584089432657
618,BS_87,BS_87_5_AC.pickle,93,0.7617320947400158
619,BS_87,BS_87_5_AC.pickle,97,0.6112073835224925
620,BS_87,BS_87_5_AC.pickle,101,0.4811309174158751
621,BS_87,BS_87_6_AC.pickle,16,0.9461675656162908
622,BS_87,BS_87_6_AC.pickle,40,0.7344015471660595
623,BS_87,BS_87_6_AC.pickle,61,0.27142070429862725
624,BS_87,BS_87_6_AC.pickle,62,0.3389099622610049
625,BS_87,BS_87_6_AC.pickle,84,0.8145142159882779
626,BS_87,BS_87_6_AC.pickle,87,0.6377923609519545
627,BS_87,BS_87_6_AC.pickle,88,0.034539035911044146
628,BS_87,BS_87_6_AC.pickle,98,0.7095708067764814
629,BS_87,BS_87_8_AC.pickle,1,0.4015236737843145
630,BS_87,BS_87_8_AC.pickle,2,0.7831755052226648
631,BS_87,BS_87_8_AC.pickle,66,0.45383824416631546
632,BS_87,BS_87_9_AC.pickle,27,0.4528427234583634
633,BS_87,BS_87_9_AC.pickle,50,0.7319668228012147
634,BS_87,BS_87_9_AC.pickle,77,0.7859864575509505
635,BS_87,BS_87_9_AC.pickle,86,0.3474876364018782
636,BS_87,BS_87_9_AC.pickle,120,0.7037354024520276
637,DS_15,DS_15_11_AC.pickle,2,0.9462016239944377
638,DS_15,DS_15_11_AC.pickle,11,0.1465786951166299
639,DS_15,DS_15_11_AC.pickle,63,0.24921274171220745
640,DS_15,DS_15_11_AC.pickle,83,0.40025672090357867
641,DS_15,DS_15_11_AC.pickle,84,0.5473786057292367
642,DS_15,DS_15_11_AC.pickle,97,0.4668415535107934
643,DS_15,DS_15_11_AC.pickle,101,0.3291978777328489
644,DS_15,DS_15_11_AC.pickle,107,0.04775876051302277
645,DS_15,DS_15_11_AC.pickle,140,0.4936988734171657
646,DS_15,DS_15_12_AC.pickle,6,0.4510894300385637
647,DS_15,DS_15_12_AC.pickle,8,0.927868085386963
648,DS_15,DS_15_12_AC.pickle,17,0.41276856903221804
649,DS_15,DS_15_12_AC.pickle,19,0.18961062575019208
650,DS_15,DS_15_12_AC.pickle,22,0.3973925992896731
651,DS_15,DS_15_12_AC.pickle,32,0.48167517302010054
652,DS_15,DS_15_12_AC.pickle,42,0.739897013801802
653,DS_15,DS_15_12_AC.pickle,48,0.6934840012721715
654,DS_15,DS_15_14_AC.pickle,20,0.8729249134501313
655,DS_15,DS_15_14_AC.pickle,36,0.7526202906873519
656,DS_15,DS_15_14_AC.pickle,52,0.3647403722031386
657,DS_15,DS_15_14_AC.pickle,54,0.1873046182243652
658,DS_15,DS_15_14_AC.pickle,55,0.8562116618342648
659,DS_15,DS_15_14_AC.pickle,58,0.07139102605211511
660,DS_15,DS_15_14_AC.pickle,59,0.8204828763570144
661,DS_15,DS_15_14_AC.pickle,65,0.9419437595522895
662,DS_15,DS_15_14_AC.pickle,66,0.7865234527753074
663,DS_15,DS_15_14_AC.pickle,72,0.0031751332243363413
664,DS_15,DS_15_14_AC.pickle,82,0.3051874914350217
665,DS_15,DS_15_14_AC.pickle,86,0.17476929731921637
666,DS_15,DS_15_14_AC.pickle,87,0.06119550821714333
667,DS_15,DS_15_14_AC.pickle,89,0.0679954875274804
668,DS_15,DS_15_14_AC.pickle,100,0.9671731234883041
669,DS_15,DS_15_14_AC.pickle,146,0.014354245492144983
670,DS_15,DS_15_16_AC.pickle,7,0.6479866905332989
671,DS_15,DS_15_16_AC.pickle,26,0.4292341164590472
672,DS_15,DS_15_16_AC.pickle,27,0.2606970073513626
673,DS_15,DS_15_16_AC.pickle,32,0.7812045991197809
674,DS_15,DS_15_16_AC.pickle,33,0.6704629532512333
675,DS_15,DS_15_16_AC.pickle,35,0.5164972627379878
676,DS_15,DS_15_16_AC.pickle,48,0.13578563339349134
677,DS_15,DS_15_16_AC.pickle,49,0.5838223026472406
678,DS_15,DS_15_16_AC.pickle,73,0.6020244011247173
679,DS_15,DS_15_16_AC.pickle,77,0.409609134612402
680,DS_15,DS_15_1_AC.pickle,3,0.45458384877833313
681,DS_15,DS_15_1_AC.pickle,6,0.41407332017904275
682,DS_15,DS_15_1_AC.pickle,16,0.2115613349705822
683,DS_15,DS_15_1_AC.pickle,26,0.7433236505134602
684,DS_15,DS_15_1_AC.pickle,46,3.2448594807676157e-14
685,DS_15,DS_15_1_AC.pickle,59,0.4739116480577239
686,DS_15,DS_15_1_AC.pickle,71,0.8798261396762646
687,DS_15,DS_15_1_AC.pickle,76,0.7291781700937234
688,DS_15,DS_15_1_AC.pickle,81,0.8297137971211743
689,DS_15,DS_15_1_AC.pickle,87,0.3335952238767217
690,DS_15,DS_15_3_AC.pickle,3,0.3229263137405183
691,DS_15,DS_15_3_AC.pickle,21,0.10457988109332507
692,DS_15,DS_15_3_AC.pickle,22,0.22077173267918807
693,DS_15,DS_15_3_AC.pickle,28,0.0023735202180156906
694,DS_15,DS_15_3_AC.pickle,30,0.08216300261889241
695,DS_15,DS_15_3_AC.pickle,39,0.0006969970873446603
696,DS_15,DS_15_3_AC.pickle,43,0.07849984289101883
697,DS_15,DS_15_3_AC.pickle,54,0.4016591072438037
698,DS_15,DS_15_3_AC.pickle,56,0.17922699786933538
699,DS_15,DS_15_3_AC.pickle,89,0.00766920537696688
700,DS_15,DS_15_3_AC.pickle,99,0.4623286364125454
701,DS_15,DS_15_4_AC.pickle,3,0.7021884155194682
702,DS_15,DS_15_4_AC.pickle,19,0.036133648800665205
703,DS_15,DS_15_4_AC.pickle,21,0.2445696426444034
704,DS_15,DS_15_5_AC.pickle,37,0.2767081545070016
705,DS_15,DS_15_6_AC.pickle,0,0.23782144162563942
706,DS_15,DS_15_6_AC.pickle,8,0.35704065095691995
707,DS_15,DS_15_6_AC.pickle,9,0.5590848271955138
708,DS_15,DS_15_6_AC.pickle,19,0.15279974936128846
709,DS_15,DS_15_6_AC.pickle,25,0.6888806212644482
710,DS_15,DS_15_6_AC.pickle,26,0.7750519292037237
711,DS_15,DS_15_6_AC.pickle,37,0.3391530695035869
712,DS_15,DS_15_6_AC.pickle,39,0.4427695270727775
713,DS_15,DS_15_6_AC.pickle,47,0.748788432883266
714,DS_15,DS_15_6_AC.pickle,53,0.648562905368852
715,DS_15,DS_15_6_AC.pickle,58,0.0026067708259271643
716,DS_15,DS_15_6_AC.pickle,64,0.22053707292504926
717,DS_15,DS_15_6_AC.pickle,70,0.215480353997079
718,DS_15,DS_15_7_AC.pickle,28,0.15720816793874717
719,DS_15,DS_15_8_AC.pickle,6,0.7976346273003598
720,DS_15,DS_15_8_AC.pickle,21,0.47239883638590996
721,DS_15,DS_15_8_AC.pickle,28,0.0009038964306192453
722,DS_15,DS_15_8_AC.pickle,38,0.16633522004094184
723,DS_15,DS_15_9_AC.pickle,36,0.0004584729356062399
724,DS_15,DS_15_9_AC.pickle,45,0.44038233422801987
725,DS_15,DS_15_9_AC.pickle,69,0.15557941043480714
726,DS_15,DS_15_9_AC.pickle,77,0.3225512773449499
727,DS_15,DS_15_9_AC.pickle,121,0.5768486887832223
728,DS_15,DS_15_9_AC.pickle,129,0.5110281162948793
729,DS_15,DS_15_9_AC.pickle,135,0.28464945539849434
730,DS_15,DS_15_9_AC.pickle,148,0.10705942899098708
731,DS_19,DS_19_10_AC.pickle,12,0.19264928875207665
732,DS_19,DS_19_10_AC.pickle,22,0.6142825862911891
733,DS_19,DS_19_11_AC.pickle,14,0.5875484251774589
734,DS_19,DS_19_11_AC.pickle,25,0.5903936886890229
735,DS_19,DS_19_11_AC.pickle,44,0.5895671000052596
736,DS_19,DS_19_11_AC.pickle,47,0.10464744785109503
737,DS_19,DS_19_12_AC.pickle,15,0.6373387666045995
738,DS_19,DS_19_14_AC.pickle,47,0.46236674657954824
739,DS_19,DS_19_1_AC.pickle,1,0.23808970107745078
740,DS_19,DS_19_1_AC.pickle,3,0.03652815073822287
741,DS_19,DS_19_1_AC.pickle,41,0.04684726685518339
742,DS_19,DS_19_1_AC.pickle,43,0.701147428064957
743,DS_19,DS_19_1_AC.pickle,65,0.01269945323052603
744,DS_19,DS_19_1_AC.pickle,91,0.9526684209119463
745,DS_19,DS_19_1_AC.pickle,96,0.03168897678674751
746,DS_19,DS_19_1_AC.pickle,106,0.04264661982456388
747,DS_19,DS_19_3_AC.pickle,9,0.04039761076329936
748,DS_19,DS_19_3_AC.pickle,11,0.18601706476301996
749,DS_19,DS_19_3_AC.pickle,18,0.2639738359790136
750,DS_19,DS_19_3_AC.pickle,22,0.8492612505760293
751,DS_19,DS_19_3_AC.pickle,33,0.44541676328461766
752,DS_19,DS_19_3_AC.pickle,43,0.02045344323817683
753,DS_19,DS_19_3_AC.pickle,49,0.0021901309314381733
754,DS_19,DS_19_3_AC.pickle,52,0.14150584774484246
755,DS_19,DS_19_3_AC.pickle,56,0.10802021359656418
756,DS_19,DS_19_3_AC.pickle,59,0.20650447628314222
757,DS_19,DS_19_3_AC.pickle,64,0.7034232131843045
758,DS_19,DS_19_3_AC.pickle,65,0.985710615583239
759,DS_19,DS_19_3_AC.pickle,72,0.2415990034584123
760,DS_19,DS_19_3_AC.pickle,76,0.582218203146974
761,DS_19,DS_19_3_AC.pickle,79,0.3265115132498301
762,DS_19,DS_19_3_AC.pickle,106,0.11785622920928353
763,DS_19,DS_19_3_AC.pickle,123,0.27789225925095923
764,DS_19,DS_19_4_AC.pickle,8,0.46046747954178957
765,DS_19,DS_19_4_AC.pickle,12,0.0024117131038759875
766,DS_19,DS_19_4_AC.pickle,20,0.21457771851867857
767,DS_19,DS_19_4_AC.pickle,22,0.5846184767480044
768,DS_19,DS_19_4_AC.pickle,23,0.04463142573835823
769,DS_19,DS_19_4_AC.pickle,33,0.03282172531104601
770,DS_19,DS_19_4_AC.pickle,41,0.09979626457483616
771,DS_19,DS_19_4_AC.pickle,56,0.4653772602036781
772,DS_19,DS_19_4_AC.pickle,60,0.01408081319056051
773,DS_19,DS_19_4_AC.pickle,87,0.13254754510248418
774,DS_19,DS_19_4_AC.pickle,99,0.22409869453143294
775,DS_19,DS_19_4_AC.pickle,110,0.004495471353932323
776,DS_19,DS_19_5_AC.pickle,5,0.12685342853269915
777,DS_19,DS_19_5_AC.pickle,7,0.21875111746424789
778,DS_19,DS_19_5_AC.pickle,24,0.14166253878060442
779,DS_19,DS_19_5_AC.pickle,25,0.19504285766916046
780,DS_19,DS_19_5_AC.pickle,30,0.005189572748588301
781,DS_19,DS_19_5_AC.pickle,53,0.013801716275451481
782,DS_19,DS_19_5_AC.pickle,59,0.02637943191272641
783,DS_19,DS_19_5_AC.pickle,61,0.07834712578268632
784,DS_19,DS_19_5_AC.pickle,68,0.08987072024572722
785,DS_19,DS_19_5_AC.pickle,73,0.630055559134507
786,DS_19,DS_19_5_AC.pickle,132,0.002291750003410614
787,DS_19,DS_19_5_AC.pickle,141,5.331020792183927e-06
788,DS_19,DS_19_5_AC.pickle,151,0.19497349617495577
789,DS_19,DS_19_5_AC.pickle,152,0.24723932498864262
790,DS_19,DS_19_5_AC.pickle,157,0.41228538227638556
791,DS_19,DS_19_5_AC.pickle,161,0.5840294780448138
792,DS_19,DS_19_5_AC.pickle,190,0.7378858608025052
793,DS_19,DS_19_5_AC.pickle,211,0.2355067829393384
794,DS_19,DS_19_5_AC.pickle,213,0.31553859041307364
795,DS_19,DS_19_6_AC.pickle,2,0.20493308751186456
796,DS_19,DS_19_6_AC.pickle,8,5.697617297466659e-06
797,DS_19,DS_19_6_AC.pickle,10,0.23936870051986606
798,DS_19,DS_19_6_AC.pickle,12,0.5661939909694058
799,DS_19,DS_19_6_AC.pickle,25,0.46809298742192784
800,DS_19,DS_19_6_AC.pickle,31,0.7119421591090005
801,DS_19,DS_19_6_AC.pickle,40,0.045479991150303774
802,DS_19,DS_19_6_AC.pickle,45,0.9006286497571165
803,DS_19,DS_19_6_AC.pickle,51,0.3476652275352101
804,DS_19,DS_19_6_AC.pickle,54,0.950396420081906
805,DS_19,DS_19_6_AC.pickle,77,0.11103914406574701
806,DS_19,DS_19_6_AC.pickle,103,0.30716703904382675
807,DS_19,DS_19_6_AC.pickle,109,0.8991249760194903
808,DS_19,DS_19_6_AC.pickle,121,0.6381719759088349
809,DS_19,DS_19_6_AC.pickle,142,0.12824224705513193
810,DS_19,DS_19_6_AC.pickle,144,0.28702656767636225
811,DS_19,DS_19_6_AC.pickle,166,0.002995897767384256
812,DS_19,DS_19_6_AC.pickle,173,0.08547465516858789
813,DS_19,DS_19_6_AC.pickle,191,0.48028311569836135
814,DS_19,DS_19_6_AC.pickle,214,0.026174956370911332
815,DS_19,DS_19_6_AC.pickle,220,0.08858805286375439
816,DS_19,DS_19_6_AC.pickle,228,1.8282836852596636e-06
817,DS_19,DS_19_6_AC.pickle,229,0.02820623452485157
818,DS_19,DS_19_6_AC.pickle,238,0.1464348595749611
819,DS_19,DS_19_6_AC.pickle,245,0.6646338643062861
820,DS_19,DS_19_6_AC.pickle,248,0.5574575970811968
821,DS_19,DS_19_6_AC.pickle,253,0.362021067126606
822,DS_19,DS_19_6_AC.pickle,262,0.6086788066630423
823,DS_19,DS_19_6_AC.pickle,264,0.76039146353158
824,DS_19,DS_19_6_AC.pickle,265,0.4512566791514271
825,DS_19,DS_19_6_AC.pickle,266,0.3404327105300834
826,DS_19,DS_19_7_AC.pickle,10,0.022904041008441137
827,DS_19,DS_19_7_AC.pickle,13,0.18864564293695663
828,DS_19,DS_19_7_AC.pickle,15,0.003367968642237194
829,DS_19,DS_19_7_AC.pickle,16,0.10914701563536314
830,DS_19,DS_19_7_AC.pickle,19,0.6897329671526742
831,DS_19,DS_19_7_AC.pickle,28,0.8710826782563985
832,DS_19,DS_19_7_AC.pickle,30,0.4130283287715891
833,DS_19,DS_19_7_AC.pickle,37,0.7777064964962976
834,DS_19,DS_19_7_AC.pickle,41,0.9342057064302395
835,DS_19,DS_19_7_AC.pickle,45,0.5620476567324146
836,DS_19,DS_19_7_AC.pickle,66,0.10213941725160418
837,DS_19,DS_19_7_AC.pickle,76,0.18119734500733067
838,DS_19,DS_19_7_AC.pickle,85,0.5861908079473496
839,DS_19,DS_19_7_AC.pickle,88,0.2687299002399293
840,DS_19,DS_19_8_AC.pickle,2,0.8123577189766772
841,DS_19,DS_19_8_AC.pickle,3,0.2126325314049579
842,DS_19,DS_19_8_AC.pickle,4,0.00014062570924195078
843,DS_19,DS_19_8_AC.pickle,6,0.8438337966335313
844,DS_19,DS_19_8_AC.pickle,9,0.3889126011422964
845,DS_19,DS_19_8_AC.pickle,10,0.3727021687455644
846,DS_19,DS_19_8_AC.pickle,49,0.012927797444693473
847,DS_19,DS_19_8_AC.pickle,54,0.5621254926150847
848,DS_19,DS_19_8_AC.pickle,57,0.05389331659140133
849,DS_19,DS_19_8_AC.pickle,78,0.3413309211534685
850,DS_19,DS_19_8_AC.pickle,79,0.10576659017091308
851,DS_19,DS_19_8_AC.pickle,84,0.0011943122539983396
852,DS_19,DS_19_8_AC.pickle,90,0.034610124430838315
853,DS_19,DS_19_8_AC.pickle,96,0.11488302980523117
854,DS_19,DS_19_8_AC.pickle,118,0.0025685693902898947
855,DS_19,DS_19_8_AC.pickle,134,0.14848556984693537
856,DS_19,DS_19_8_AC.pickle,138,0.9520676741111518
857,DS_19,DS_19_8_AC.pickle,143,0.9798283745273519
858,DS_19,DS_19_8_AC.pickle,156,0.7385613918882867
859,DS_19,DS_19_8_AC.pickle,162,0.5623465004087407
860,DS_19,DS_19_8_AC.pickle,163,0.575058544136656
861,DS_19,DS_19_8_AC.pickle,164,0.4722954362409588
862,DS_19,DS_19_9_AC.pickle,15,0.34727517843898525
863,DS_19,DS_19_9_AC.pickle,18,0.6350285406205278
864,DS_19,DS_19_9_AC.pickle,56,0.9846553138577145
865,DS_19,DS_19_9_AC.pickle,68,0.736592134721906
