,animal,session,cluster ID,learning phase,Stimulus decoding,Choice decoding
0,BS_108,BS_108_1_AC.pickle,2,pre expert,0.565956218,
1,BS_108,BS_108_1_AC.pickle,8,pre expert,0.720859295,0.6440255422480141
2,BS_108,BS_108_1_AC.pickle,9,pre expert,0.560515438,0.6345388813433755
3,BS_108,BS_108_1_AC.pickle,14,pre expert,0.535172779,
4,BS_108,BS_108_1_AC.pickle,34,pre expert,0.641831651,
5,BS_108,BS_108_1_AC.pickle,35,pre expert,0.526369899,
6,BS_108,BS_108_2_AC.pickle,2,pre expert,0.570132168,0.7071087459030533
7,BS_108,BS_108_2_AC.pickle,7,pre expert,0.621584347,
8,BS_108,BS_108_2_AC.pickle,26,pre expert,0.568881958,
9,BS_108,BS_108_4_AC.pickle,26,post early,0.468790034,
10,BS_108,BS_108_4_AC.pickle,93,post early,,
11,BS_108,BS_108_6_AC.pickle,2,post early,0.654114463,
12,BS_108,BS_108_6_AC.pickle,3,post early,0.5311937,
13,BS_108,BS_108_6_AC.pickle,9,post early,0.638489691,
14,BS_108,BS_108_6_AC.pickle,33,post early,0.563574515,
15,BS_108,BS_108_6_AC.pickle,35,post early,0.551951797,
16,BS_108,BS_108_6_AC.pickle,38,post early,0.46182943,
17,BS_108,BS_108_6_AC.pickle,39,post early,0.454315231,
18,BS_108,BS_108_6_AC.pickle,47,post early,0.677367625,0.6345983129669989
19,BS_108,BS_108_6_AC.pickle,48,post early,0.637075162,0.4472109316910168
20,BS_108,BS_108_6_AC.pickle,49,post early,0.550306521,0.5011327043894084
21,BS_108,BS_108_6_AC.pickle,50,post early,0.481388727,
22,BS_108,BS_108_6_AC.pickle,72,post early,0.496790036,
23,BS_108,BS_108_6_AC.pickle,73,post early,0.526657658,0.5998157426192962
24,BS_108,BS_108_6_AC.pickle,76,post early,0.460538311,
25,BS_108,BS_108_6_AC.pickle,78,post early,0.563893367,
26,BS_108,BS_108_6_AC.pickle,79,post early,0.607929196,
27,BS_108,BS_108_6_AC.pickle,82,post early,0.504890667,
28,BS_108,BS_108_6_AC.pickle,88,post early,0.513825627,
29,BS_108,BS_108_6_AC.pickle,90,post early,0.495080247,
30,BS_108,BS_108_6_AC.pickle,125,post early,0.531513782,
31,BS_108,BS_108_6_AC.pickle,126,post early,0.743181818,0.4689737310476802
32,BS_108,BS_108_6_AC.pickle,133,post early,0.595662485,0.4592092877449959
33,BS_40,BS_40_10_AC.pickle,0,pre late,,
34,BS_40,BS_40_10_AC.pickle,2,pre late,0.531796171,
35,BS_40,BS_40_10_AC.pickle,3,pre late,0.539671247,0.5382962224242881
36,BS_40,BS_40_10_AC.pickle,5,pre late,0.590702494,0.6032375545514234
37,BS_40,BS_40_10_AC.pickle,9,pre late,0.556646508,0.6622674081798172
38,BS_40,BS_40_10_AC.pickle,12,pre late,0.572211898,0.5823555555555556
39,BS_40,BS_40_10_AC.pickle,20,pre late,0.485481566,
40,BS_40,BS_40_10_AC.pickle,22,pre late,0.50039318,
41,BS_40,BS_40_10_AC.pickle,23,pre late,0.543204078,0.5274726760128222
42,BS_40,BS_40_10_AC.pickle,24,pre late,0.530967304,0.4684455258177888
43,BS_40,BS_40_10_AC.pickle,25,pre late,0.52030103,
44,BS_40,BS_40_10_AC.pickle,44,pre late,0.558413814,0.5272236887671707
45,BS_40,BS_40_10_AC.pickle,50,pre late,0.514682549,
46,BS_40,BS_40_10_AC.pickle,53,pre late,0.519310996,
47,BS_40,BS_40_10_AC.pickle,55,pre late,0.517833487,0.6514965434673468
48,BS_40,BS_40_10_AC.pickle,58,pre late,0.516176919,0.6063044065963777
49,BS_40,BS_40_10_AC.pickle,73,pre late,0.545309227,0.5504151333869357
50,BS_40,BS_40_12_AC.pickle,2,pre expert,0.582994879,0.6001235360360361
51,BS_40,BS_40_12_AC.pickle,5,pre expert,0.273508164,
52,BS_40,BS_40_12_AC.pickle,6,pre expert,,
53,BS_40,BS_40_12_AC.pickle,27,pre expert,0.539015121,
54,BS_40,BS_40_12_AC.pickle,29,pre expert,0.57134,
55,BS_40,BS_40_12_AC.pickle,50,pre expert,0.507148551,
56,BS_40,BS_40_12_AC.pickle,52,pre expert,0.573844058,0.4687456081081081
57,BS_40,BS_40_12_AC.pickle,56,pre expert,0.718006618,
58,BS_40,BS_40_12_AC.pickle,57,pre expert,0.487889324,0.486925563063063
59,BS_40,BS_40_12_AC.pickle,80,pre expert,,
60,BS_40,BS_40_12_AC.pickle,85,pre expert,,
61,BS_40,BS_40_12_AC.pickle,100,pre expert,0.513247391,
62,BS_40,BS_40_12_AC.pickle,103,pre expert,,
63,BS_40,BS_40_12_AC.pickle,118,pre expert,0.472775362,
64,BS_40,BS_40_15_AC.pickle,0,post early,0.564052,0.5970578812423266
65,BS_40,BS_40_15_AC.pickle,1,post early,0.524505777,
66,BS_40,BS_40_15_AC.pickle,3,post early,0.48007526,0.6791775968208658
67,BS_40,BS_40_15_AC.pickle,7,post early,0.516324658,0.561515180878553
68,BS_40,BS_40_15_AC.pickle,10,post early,0.522425256,0.5814685812042939
69,BS_40,BS_40_15_AC.pickle,40,post early,0.492613699,0.5423264071609142
70,BS_40,BS_40_15_AC.pickle,47,post early,0.536274471,0.6424410936661706
71,BS_40,BS_40_15_AC.pickle,60,post early,0.520078918,
72,BS_40,BS_40_15_AC.pickle,62,post early,0.468770086,0.4472295442134005
73,BS_40,BS_40_15_AC.pickle,64,post early,0.490358965,0.5416862824923464
74,BS_40,BS_40_15_AC.pickle,66,post early,0.497246825,0.5927935257222134
75,BS_40,BS_40_15_AC.pickle,68,post early,0.496356558,0.5970566276360828
76,BS_40,BS_40_16_AC.pickle,0,post early,0.541866837,0.4995851529872233
77,BS_40,BS_40_16_AC.pickle,4,post early,0.471569932,0.6149652230602703
78,BS_40,BS_40_16_AC.pickle,5,post early,0.500541871,0.6323851704931467
79,BS_40,BS_40_16_AC.pickle,10,post early,0.484166127,0.6635998675505962
80,BS_40,BS_40_16_AC.pickle,14,post early,0.555163617,0.5617307692307693
81,BS_40,BS_40_16_AC.pickle,15,post early,0.510386609,0.5743574169110459
82,BS_40,BS_40_16_AC.pickle,16,post early,0.510824746,0.5391769652656372
83,BS_40,BS_40_16_AC.pickle,21,post early,0.59612182,0.5465513945135368
84,BS_40,BS_40_16_AC.pickle,24,post early,0.494437419,0.5470107900712553
85,BS_40,BS_40_16_AC.pickle,26,post early,0.542515171,0.6209877999349122
86,BS_40,BS_40_16_AC.pickle,35,post early,0.65558298,0.5326449147653693
87,BS_40,BS_40_18_AC.pickle,2,post early,0.502487939,0.5480546366094076
88,BS_40,BS_40_18_AC.pickle,4,post early,0.458066994,0.5656391636493083
89,BS_40,BS_40_18_AC.pickle,19,post early,0.492869045,0.5248537509933172
90,BS_40,BS_40_18_AC.pickle,36,post early,0.502435644,0.5002548966138977
91,BS_40,BS_40_18_AC.pickle,41,post early,0.476607418,0.5312910902682174
92,BS_40,BS_40_18_AC.pickle,49,post early,0.502686911,0.5828067632850242
93,BS_40,BS_40_19_AC.pickle,1,post late,0.506515666,0.6242514237032003
94,BS_40,BS_40_19_AC.pickle,3,post late,0.49323378,0.581806586270872
95,BS_40,BS_40_19_AC.pickle,6,post late,0.505048458,0.5243015450602695
96,BS_40,BS_40_19_AC.pickle,8,post late,0.498675812,0.5509265494974568
97,BS_40,BS_40_19_AC.pickle,19,post late,0.503636851,0.5616178413908426
98,BS_40,BS_40_19_AC.pickle,22,post late,0.505770049,0.6189981523869531
99,BS_40,BS_40_19_AC.pickle,31,post late,0.500518669,0.5736602106649694
100,BS_40,BS_40_19_AC.pickle,33,post late,0.548687617,
101,BS_40,BS_40_19_AC.pickle,34,post late,0.47202242,
102,BS_40,BS_40_19_AC.pickle,35,post late,0.499235554,
103,BS_40,BS_40_19_AC.pickle,46,post late,0.499602679,0.6169929405936703
104,BS_40,BS_40_19_AC.pickle,47,post late,0.525761932,
105,BS_40,BS_40_19_AC.pickle,48,post late,0.493520536,0.6577180517769032
106,BS_40,BS_40_21_AC.pickle,4,post expert,0.538507831,
107,BS_40,BS_40_21_AC.pickle,32,post expert,,
108,BS_40,BS_40_21_AC.pickle,33,post expert,,
109,BS_40,BS_40_21_AC.pickle,37,post expert,,
110,BS_40,BS_40_21_AC.pickle,42,post expert,0.438463956,
111,BS_40,BS_40_21_AC.pickle,49,post expert,0.493034225,0.5883258771929825
112,BS_40,BS_40_21_AC.pickle,53,post expert,,
113,BS_40,BS_40_21_AC.pickle,54,post expert,,
114,BS_40,BS_40_21_AC.pickle,55,post expert,,
115,BS_40,BS_40_22_AC.pickle,1,post expert,0.512438653,
116,BS_40,BS_40_22_AC.pickle,7,post expert,0.501792887,0.5206589859781122
117,BS_40,BS_40_22_AC.pickle,11,post expert,0.549104478,0.6299082268108817
118,BS_40,BS_40_22_AC.pickle,13,post expert,0.462551038,
119,BS_40,BS_40_2_AC.pickle,4,pre late,0.520170199,
120,BS_40,BS_40_2_AC.pickle,15,pre late,0.556837026,0.6359141556059826
121,BS_40,BS_40_2_AC.pickle,18,pre late,0.525384913,0.5788766826025972
122,BS_40,BS_40_2_AC.pickle,30,pre late,0.543727233,0.4901101121390132
123,BS_40,BS_40_2_AC.pickle,33,pre late,0.546645846,0.4604161970508124
124,BS_40,BS_40_2_AC.pickle,43,pre late,0.551517947,0.4774821353375543
125,BS_40,BS_40_2_AC.pickle,45,pre late,0.52212491,0.5027295382289081
126,BS_40,BS_40_2_AC.pickle,46,pre late,0.54835135,0.4878719831387574
127,BS_40,BS_40_2_AC.pickle,51,pre late,0.509847211,0.5489670917360818
128,BS_40,BS_40_2_AC.pickle,56,pre late,0.528418476,0.60843555828929
129,BS_40,BS_40_2_AC.pickle,58,pre late,0.467663218,0.6303790676512628
130,BS_40,BS_40_2_AC.pickle,61,pre late,0.654878053,0.6265124043226629
131,BS_40,BS_40_2_AC.pickle,65,pre late,0.53128844,0.5268322291676264
132,BS_40,BS_40_2_AC.pickle,66,pre late,0.581267813,
133,BS_40,BS_40_2_AC.pickle,67,pre late,0.562483466,0.495750066613376
134,BS_40,BS_40_2_AC.pickle,70,pre late,0.531241157,0.5153738278211838
135,BS_40,BS_40_2_AC.pickle,72,pre late,0.500233648,0.6121047510703511
136,BS_40,BS_40_2_AC.pickle,83,pre late,0.523212057,0.5165946070194202
137,BS_40,BS_40_2_AC.pickle,96,pre late,,0.6661527089412788
138,BS_40,BS_40_2_AC.pickle,97,pre late,0.551294166,0.4582079560817239
139,BS_40,BS_40_2_AC.pickle,98,pre late,0.526970573,0.585793092338269
140,BS_40,BS_40_2_AC.pickle,103,pre late,0.641649624,0.6261711024899975
141,BS_40,BS_40_2_AC.pickle,115,pre late,0.619029525,0.5943748646328428
142,BS_40,BS_40_2_AC.pickle,120,pre late,0.529935656,0.4436106983238432
143,BS_40,BS_40_2_AC.pickle,122,pre late,0.607285714,
144,BS_40,BS_40_2_AC.pickle,124,pre late,0.544302993,0.5074232603164621
145,BS_40,BS_40_2_AC.pickle,133,pre late,0.4963884,0.5053578496975378
146,BS_40,BS_40_2_AC.pickle,138,pre late,0.542481472,
147,BS_40,BS_40_2_AC.pickle,142,pre late,0.529191855,
148,BS_40,BS_40_2_AC.pickle,153,pre late,0.616369217,
149,BS_40,BS_40_2_AC.pickle,154,pre late,0.499561985,0.5379228834487303
150,BS_40,BS_40_2_AC.pickle,156,pre late,0.442579149,
151,BS_40,BS_40_2_AC.pickle,162,pre late,0.52515254,0.4413484725340533
152,BS_40,BS_40_2_AC.pickle,163,pre late,0.460706309,0.5572302717253065
153,BS_40,BS_40_2_AC.pickle,164,pre late,0.512127536,0.4659526103862598
154,BS_40,BS_40_2_AC.pickle,165,pre late,0.533040464,0.4897800243411825
155,BS_40,BS_40_2_AC.pickle,166,pre late,0.59733839,
156,BS_40,BS_40_2_AC.pickle,178,pre late,0.525219048,
157,BS_40,BS_40_2_AC.pickle,184,pre late,0.510170655,
158,BS_40,BS_40_2_AC.pickle,188,pre late,0.511500746,0.5033208601797349
159,BS_40,BS_40_2_AC.pickle,189,pre late,0.539868979,0.5336161575781125
160,BS_40,BS_40_2_AC.pickle,190,pre late,0.558548718,0.6131133815900098
161,BS_40,BS_40_2_AC.pickle,194,pre late,0.567547071,0.620127424688208
162,BS_40,BS_40_2_AC.pickle,195,pre late,0.634323742,0.6398853371413998
163,BS_40,BS_40_2_AC.pickle,201,pre late,0.589382113,0.5732295393534698
164,BS_40,BS_40_2_AC.pickle,204,pre late,0.521037539,0.5815899752515735
165,BS_40,BS_40_2_AC.pickle,206,pre late,0.59174157,0.5515343598556086
166,BS_40,BS_40_2_AC.pickle,210,pre late,0.499382521,0.5432811348560055
167,BS_40,BS_40_2_AC.pickle,211,pre late,0.501787145,
168,BS_40,BS_40_2_AC.pickle,212,pre late,0.547222593,0.5787806501619298
169,BS_40,BS_40_2_AC.pickle,213,pre late,0.514992808,
170,BS_40,BS_40_2_AC.pickle,222,pre late,0.560341999,
171,BS_40,BS_40_2_AC.pickle,225,pre late,0.613438677,0.5857333386742403
172,BS_40,BS_40_2_AC.pickle,230,pre late,0.559113632,0.5768720855506442
173,BS_40,BS_40_2_AC.pickle,231,pre late,0.57895094,
174,BS_40,BS_40_3_AC.pickle,0,pre late,0.53134866,0.487405622549548
175,BS_40,BS_40_3_AC.pickle,10,pre late,0.514142284,0.5297503538837737
176,BS_40,BS_40_3_AC.pickle,14,pre late,0.573011663,0.6360877015187822
177,BS_40,BS_40_3_AC.pickle,15,pre late,0.583933702,0.5459498999101062
178,BS_40,BS_40_3_AC.pickle,23,pre late,0.552760483,0.5213039594388464
179,BS_40,BS_40_3_AC.pickle,24,pre late,0.515463034,0.5078965952397664
180,BS_40,BS_40_3_AC.pickle,30,pre late,0.496328879,0.4723057503693795
181,BS_40,BS_40_3_AC.pickle,33,pre late,0.582904744,
182,BS_40,BS_40_3_AC.pickle,36,pre late,0.623670046,
183,BS_40,BS_40_3_AC.pickle,37,pre late,0.552430661,
184,BS_40,BS_40_3_AC.pickle,53,pre late,0.528685956,0.6119678136306818
185,BS_40,BS_40_3_AC.pickle,54,pre late,0.435623507,
186,BS_40,BS_40_3_AC.pickle,57,pre late,0.578420223,0.5984471433893804
187,BS_40,BS_40_3_AC.pickle,61,pre late,0.542407688,
188,BS_40,BS_40_3_AC.pickle,71,pre late,,0.5417372999016379
189,BS_40,BS_40_3_AC.pickle,76,pre late,0.56857919,
190,BS_40,BS_40_3_AC.pickle,81,pre late,0.562935954,0.5947711625934671
191,BS_40,BS_40_3_AC.pickle,84,pre late,0.551450966,0.5183778149208217
192,BS_40,BS_40_3_AC.pickle,105,pre late,0.460544155,
193,BS_40,BS_40_3_AC.pickle,108,pre late,0.489267318,0.5063727989813501
194,BS_40,BS_40_3_AC.pickle,109,pre late,0.517917426,
195,BS_40,BS_40_3_AC.pickle,111,pre late,0.557005566,0.5710916698513493
196,BS_40,BS_40_3_AC.pickle,114,pre late,0.564350076,0.5585642408646425
197,BS_40,BS_40_3_AC.pickle,115,pre late,0.554080903,0.5868769807735688
198,BS_40,BS_40_3_AC.pickle,121,pre late,,
199,BS_40,BS_40_3_AC.pickle,140,pre late,0.539173531,
200,BS_40,BS_40_3_AC.pickle,145,pre late,0.4755396,
201,BS_40,BS_40_3_AC.pickle,151,pre late,0.601634737,
202,BS_40,BS_40_3_AC.pickle,155,pre late,0.580236452,0.5948624632500091
203,BS_40,BS_40_4_AC.pickle,0,pre late,0.53127571,0.5592048611111111
204,BS_40,BS_40_4_AC.pickle,1,pre late,0.548969188,0.4892395833333333
205,BS_40,BS_40_4_AC.pickle,7,pre late,0.531365346,0.6387013888888889
206,BS_40,BS_40_4_AC.pickle,9,pre late,0.493567827,0.5549618055555556
207,BS_40,BS_40_4_AC.pickle,10,pre late,0.518538615,0.5731666666666667
208,BS_40,BS_40_4_AC.pickle,15,pre late,0.521726027,0.5297197736819937
209,BS_40,BS_40_4_AC.pickle,18,pre late,0.563353606,0.5613838021081624
210,BS_40,BS_40_4_AC.pickle,29,pre late,0.5970004,0.4684756944444445
211,BS_40,BS_40_5_AC.pickle,5,pre late,0.492732603,0.6036716372245492
212,BS_40,BS_40_5_AC.pickle,21,pre late,0.478923224,
213,BS_40,BS_40_5_AC.pickle,22,pre late,0.464055014,0.5035388490119911
214,BS_40,BS_40_5_AC.pickle,27,pre late,0.544711227,0.4705881937105499
215,BS_40,BS_40_6_AC.pickle,4,pre late,0.50803168,0.4968237028890241
216,BS_40,BS_40_6_AC.pickle,7,pre late,0.58726705,0.5723162511227318
217,BS_40,BS_40_6_AC.pickle,10,pre late,0.549716557,0.4878590263368021
218,BS_40,BS_40_6_AC.pickle,11,pre late,0.600402645,0.5488368278667767
219,BS_40,BS_40_6_AC.pickle,15,pre late,0.637414702,0.6104398671065262
220,BS_40,BS_40_6_AC.pickle,21,pre late,0.506107226,0.5346485390579396
221,BS_40,BS_40_6_AC.pickle,24,pre late,0.521108615,0.6245068923166355
222,BS_40,BS_40_6_AC.pickle,25,pre late,0.519572411,0.5470088519618949
223,BS_40,BS_40_6_AC.pickle,26,pre late,0.542769814,0.5049956529996608
224,BS_40,BS_40_6_AC.pickle,27,pre late,0.586570341,0.6271387077186309
225,BS_40,BS_40_7_AC.pickle,23,pre late,0.55297084,0.5162779994966379
226,BS_40,BS_40_7_AC.pickle,33,pre late,0.488546876,0.5784712184949481
227,BS_40,BS_40_7_AC.pickle,36,pre late,0.584722691,
228,BS_40,BS_40_7_AC.pickle,85,pre late,0.542252337,0.59439578614317
229,BS_40,BS_40_8_AC.pickle,6,pre late,0.494407434,0.6566231069778984
230,BS_40,BS_40_8_AC.pickle,25,pre late,0.554366853,
231,BS_40,BS_40_8_AC.pickle,33,pre late,0.51425004,0.5103510544875642
232,BS_40,BS_40_8_AC.pickle,34,pre late,0.540297726,
233,BS_40,BS_40_8_AC.pickle,40,pre late,0.510503812,0.4938151689421469
234,BS_40,BS_40_8_AC.pickle,44,pre late,0.586969097,0.5206672869099267
235,BS_40,BS_40_8_AC.pickle,45,pre late,0.504880625,
236,BS_40,BS_40_8_AC.pickle,48,pre late,0.539180973,0.5658497846407197
237,BS_41,BS_41_2_AC.pickle,10,post early,0.455637379,0.5652740193925145
238,BS_41,BS_41_2_AC.pickle,23,post early,0.573167649,
239,BS_41,BS_41_2_AC.pickle,52,post early,0.607901705,0.5422944304510072
240,BS_41,BS_41_2_AC.pickle,55,post early,0.579571585,0.5626047330676026
241,BS_41,BS_41_2_AC.pickle,70,post early,0.4813782,
242,BS_41,BS_41_2_AC.pickle,119,post early,0.496412461,0.4760057529758632
243,BS_41,BS_41_2_AC.pickle,155,post early,0.604786187,
244,BS_41,BS_41_2_AC.pickle,200,post early,0.556766066,
245,BS_41,BS_41_2_AC.pickle,210,post early,0.492679231,
246,BS_41,BS_41_2_AC.pickle,236,post early,0.678737374,
247,BS_41,BS_41_4_AC.pickle,0,post late,0.45291602,
248,BS_41,BS_41_4_AC.pickle,6,post late,0.647717662,0.5272317829160778
249,BS_41,BS_41_4_AC.pickle,8,post late,0.524630156,
250,BS_41,BS_41_4_AC.pickle,10,post late,0.476106885,0.4982777667545339
251,BS_41,BS_41_4_AC.pickle,17,post late,0.504392624,0.5734071599738629
252,BS_41,BS_41_4_AC.pickle,19,post late,0.707119114,0.6369061797657851
253,BS_41,BS_41_4_AC.pickle,20,post late,0.759823542,0.6368098185376857
254,BS_41,BS_41_4_AC.pickle,21,post late,0.512086528,
255,BS_41,BS_41_4_AC.pickle,38,post late,0.550106457,0.4795905617400717
256,BS_41,BS_41_4_AC.pickle,55,post late,0.531901305,0.5746549297417091
257,BS_41,BS_41_4_AC.pickle,57,post late,0.781080525,0.4777187440260177
258,BS_41,BS_41_4_AC.pickle,64,post late,0.657729111,0.5121290999944577
259,BS_41,BS_41_4_AC.pickle,66,post late,0.561240438,0.6408944429500161
260,BS_41,BS_41_4_AC.pickle,72,post late,0.555106828,0.4984143002544663
261,BS_41,BS_41_4_AC.pickle,73,post late,0.536368132,0.6108921325624966
262,BS_41,BS_41_4_AC.pickle,77,post late,0.51377127,0.4769741072290772
263,BS_41,BS_41_4_AC.pickle,84,post late,0.560245592,0.5162693458103607
264,BS_41,BS_41_4_AC.pickle,87,post late,0.481373326,
265,BS_41,BS_41_4_AC.pickle,95,post late,0.686723299,0.5248849990952631
266,BS_41,BS_41_4_AC.pickle,96,post late,0.541280872,0.6706099096140972
267,BS_41,BS_41_4_AC.pickle,97,post late,0.747385462,
268,BS_41,BS_41_4_AC.pickle,100,post late,0.618849652,
269,BS_41,BS_41_4_AC.pickle,101,post late,0.603717124,0.539771607325054
270,BS_41,BS_41_4_AC.pickle,109,post late,0.508059407,0.5343653459298566
271,BS_41,BS_41_4_AC.pickle,110,post late,0.537925903,
272,BS_41,BS_41_4_AC.pickle,114,post late,0.5240469,
273,BS_41,BS_41_4_AC.pickle,115,post late,0.654636482,0.4819999014026763
274,BS_41,BS_41_4_AC.pickle,117,post late,0.605092675,0.4449998159735002
275,BS_41,BS_41_4_AC.pickle,119,post late,0.559577383,0.5154819180369948
276,BS_41,BS_41_5_AC.pickle,2,post late,0.529483927,0.4639774899572336
277,BS_41,BS_41_5_AC.pickle,6,post late,0.468762935,
278,BS_41,BS_41_5_AC.pickle,13,post late,0.740208138,
279,BS_41,BS_41_5_AC.pickle,15,post late,0.622301638,
280,BS_41,BS_41_5_AC.pickle,67,post late,0.556661412,
281,BS_41,BS_41_5_AC.pickle,68,post late,0.662698653,0.4608959524688998
282,BS_41,BS_41_5_AC.pickle,73,post late,0.556948624,0.5040719879693678
283,BS_41,BS_41_5_AC.pickle,74,post late,0.476799068,
284,BS_41,BS_41_5_AC.pickle,85,post late,0.503683524,0.446734232328872
285,BS_41,BS_41_6_AC.pickle,1,post late,0.500330586,0.5466355860670817
286,BS_41,BS_41_6_AC.pickle,3,post late,0.579061872,0.5747780520650939
287,BS_41,BS_41_6_AC.pickle,6,post late,0.581940136,
288,BS_41,BS_41_6_AC.pickle,7,post late,0.559802036,0.5221183882682058
289,BS_41,BS_41_6_AC.pickle,32,post late,0.606733693,
290,BS_41,BS_41_7_AC.pickle,0,post late,0.579945238,0.6108496129391652
291,BS_41,BS_41_7_AC.pickle,24,post late,0.479275384,0.5217277880620345
292,BS_41,BS_41_7_AC.pickle,36,post late,0.499642916,0.5001971848758735
293,BS_41,BS_41_7_AC.pickle,39,post late,,
294,BS_41,BS_41_7_AC.pickle,50,post late,0.574705019,
295,BS_41,BS_41_7_AC.pickle,54,post late,0.5024,
296,BS_41,BS_41_7_AC.pickle,55,post late,0.595666667,
297,BS_41,BS_41_7_AC.pickle,57,post late,0.538657143,
298,BS_41,BS_41_7_AC.pickle,59,post late,0.546280226,0.5602521376415172
299,BS_41,BS_41_7_AC.pickle,62,post late,0.514121964,
300,BS_41,BS_41_7_AC.pickle,63,post late,0.576185714,
301,BS_41,BS_41_7_AC.pickle,64,post late,0.605054762,0.4803580552834283
302,BS_41,BS_41_7_AC.pickle,73,post late,0.588572217,
303,BS_41,BS_41_7_AC.pickle,76,post late,0.528824324,
304,BS_41,BS_41_7_AC.pickle,81,post late,0.604665918,
305,BS_41,BS_41_7_AC.pickle,96,post late,0.497423625,
306,BS_41,BS_41_8_AC.pickle,13,post late,0.613306466,0.5909335585608733
307,BS_41,BS_41_8_AC.pickle,15,post late,0.554159824,0.5298906922007534
308,BS_41,BS_41_8_AC.pickle,16,post late,0.542347921,0.4892663307699109
309,BS_41,BS_41_8_AC.pickle,17,post late,0.505561288,0.4700155400155399
310,BS_41,BS_41_8_AC.pickle,25,post late,0.557586194,0.5148590402677173
311,BS_41,BS_41_8_AC.pickle,40,post late,0.514479049,0.5053871748336357
312,BS_41,BS_41_8_AC.pickle,49,post late,0.553847873,0.4713604500797136
313,BS_41,BS_41_8_AC.pickle,57,post late,0.474523909,0.5082275132275134
314,BS_41,BS_41_8_AC.pickle,58,post late,0.651294672,0.5059296819140567
315,BS_41,BS_41_8_AC.pickle,59,post late,0.515860032,0.5533251251384274
316,BS_41,BS_41_8_AC.pickle,60,post late,0.827875802,0.5760543805400951
317,BS_41,BS_41_8_AC.pickle,61,post late,0.566279695,0.5859803124411819
318,BS_41,BS_41_8_AC.pickle,66,post late,0.763796256,0.5360753115884384
319,BS_41,BS_41_8_AC.pickle,67,post late,0.671603623,0.5889459502667873
320,BS_41,BS_41_8_AC.pickle,69,post late,0.479870445,0.5017772890731926
321,BS_41,BS_41_8_AC.pickle,72,post late,0.617195266,
322,BS_41,BS_41_8_AC.pickle,77,post late,0.585143392,0.571800583399629
323,BS_41,BS_41_8_AC.pickle,79,post late,0.522974837,0.553043284788071
324,BS_41,BS_41_8_AC.pickle,82,post late,0.720948173,0.6447750702020576
325,BS_41,BS_41_8_AC.pickle,89,post late,0.474230666,
326,BS_41,BS_41_9_AC.pickle,3,post late,0.540301993,0.4879408801080777
327,BS_41,BS_41_9_AC.pickle,23,post late,0.543220733,
328,BS_41,BS_41_9_AC.pickle,24,post late,0.577759016,
329,BS_41,BS_41_9_AC.pickle,37,post late,0.612459526,0.6717949494949496
330,BS_41,BS_41_9_AC.pickle,70,post late,0.535136042,
331,BS_41,BS_41_9_AC.pickle,75,post late,0.49362069,
332,BS_41,BS_41_9_AC.pickle,78,post late,0.534892231,
333,BS_41,BS_41_9_AC.pickle,80,post late,0.52853059,0.6626371921659877
334,BS_41,BS_41_9_AC.pickle,101,post late,0.641600667,
335,BS_41,BS_41_9_AC.pickle,102,post late,0.537357929,
336,BS_41,BS_41_9_AC.pickle,103,post late,0.544918343,
337,BS_41,BS_41_9_AC.pickle,109,post late,0.565677419,
338,BS_41,BS_41_9_AC.pickle,125,post late,0.553449539,
339,BS_42,BS_42_10_AC.pickle,3,post expert,0.5013986,0.4645289465365751
340,BS_42,BS_42_10_AC.pickle,8,post expert,0.691490832,
341,BS_42,BS_42_10_AC.pickle,10,post expert,0.668780982,
342,BS_42,BS_42_10_AC.pickle,11,post expert,0.545689643,
343,BS_42,BS_42_10_AC.pickle,17,post expert,0.473851404,
344,BS_42,BS_42_10_AC.pickle,18,post expert,0.584930452,
345,BS_42,BS_42_10_AC.pickle,20,post expert,0.517966662,
346,BS_42,BS_42_10_AC.pickle,26,post expert,0.597388173,0.5025291982470028
347,BS_42,BS_42_11_AC.pickle,1,post expert,0.490062718,
348,BS_42,BS_42_11_AC.pickle,44,post expert,0.657915396,0.6066467651728455
349,BS_42,BS_42_11_AC.pickle,48,post expert,0.523086893,
350,BS_42,BS_42_2_AC.pickle,3,post early,0.55354539,0.5630062630480167
351,BS_42,BS_42_2_AC.pickle,5,post early,0.484897055,
352,BS_42,BS_42_2_AC.pickle,7,post early,0.46604123,
353,BS_42,BS_42_2_AC.pickle,8,post early,0.654904222,0.5155761010040761
354,BS_42,BS_42_2_AC.pickle,9,post early,0.608303627,
355,BS_42,BS_42_2_AC.pickle,12,post early,0.590261067,0.4983616661695996
356,BS_42,BS_42_2_AC.pickle,14,post early,0.738920495,0.526641813301521
357,BS_42,BS_42_2_AC.pickle,15,post early,0.621531809,0.5765622825330552
358,BS_42,BS_42_2_AC.pickle,16,post early,0.682780127,0.581904761904762
359,BS_42,BS_42_2_AC.pickle,17,post early,0.556209879,0.4897386159364668
360,BS_42,BS_42_2_AC.pickle,18,post early,0.515104747,
361,BS_42,BS_42_2_AC.pickle,27,post early,0.548216414,0.4768197633959639
362,BS_42,BS_42_2_AC.pickle,41,post early,0.516613172,0.5591907744308581
363,BS_42,BS_42_2_AC.pickle,48,post early,0.541347159,
364,BS_42,BS_42_2_AC.pickle,54,post early,0.559525594,0.5705885276866488
365,BS_42,BS_42_2_AC.pickle,57,post early,0.523358639,0.5185147628988966
366,BS_42,BS_42_2_AC.pickle,61,post early,0.6045903,0.4278288100208769
367,BS_42,BS_42_2_AC.pickle,62,post early,0.624962522,0.547566358484939
368,BS_42,BS_42_2_AC.pickle,64,post early,0.563356397,0.5195814693309476
369,BS_42,BS_42_2_AC.pickle,68,post early,,0.4887732378964112
370,BS_42,BS_42_2_AC.pickle,69,post early,0.543665513,0.489868774232031
371,BS_42,BS_42_2_AC.pickle,78,post early,0.50364213,0.5354478576399246
372,BS_42,BS_42_2_AC.pickle,82,post early,0.643283042,0.5900029824038177
373,BS_42,BS_42_2_AC.pickle,84,post early,0.503680463,0.3953451923076923
374,BS_42,BS_42_2_AC.pickle,85,post early,0.64974598,0.5503956655731187
375,BS_42,BS_42_2_AC.pickle,86,post early,0.614041579,0.5680355900188886
376,BS_42,BS_42_2_AC.pickle,89,post early,0.543333333,
377,BS_42,BS_42_2_AC.pickle,100,post early,0.5135313,
378,BS_42,BS_42_2_AC.pickle,108,post early,0.522420147,
379,BS_42,BS_42_2_AC.pickle,112,post early,0.472089985,0.4321883572081683
380,BS_42,BS_42_2_AC.pickle,115,post early,0.483503943,
381,BS_42,BS_42_2_AC.pickle,116,post early,0.525299236,
382,BS_42,BS_42_2_AC.pickle,118,post early,0.500573799,
383,BS_42,BS_42_2_AC.pickle,119,post early,,
384,BS_42,BS_42_2_AC.pickle,121,post early,0.484788904,
385,BS_42,BS_42_2_AC.pickle,128,post early,,
386,BS_42,BS_42_2_AC.pickle,129,post early,0.549610477,
387,BS_42,BS_42_2_AC.pickle,131,post early,0.573034467,
388,BS_42,BS_42_2_AC.pickle,135,post early,0.541490413,
389,BS_42,BS_42_3_AC.pickle,5,post early,0.540738748,
390,BS_42,BS_42_3_AC.pickle,12,post early,,
391,BS_42,BS_42_3_AC.pickle,19,post early,0.522841576,
392,BS_42,BS_42_3_AC.pickle,26,post early,0.570240171,
393,BS_42,BS_42_3_AC.pickle,27,post early,0.570326717,
394,BS_42,BS_42_3_AC.pickle,47,post early,0.582551293,
395,BS_42,BS_42_3_AC.pickle,48,post early,0.449476726,
396,BS_42,BS_42_3_AC.pickle,49,post early,0.55273492,
397,BS_42,BS_42_3_AC.pickle,51,post early,0.510909536,0.5781729184840555
398,BS_42,BS_42_3_AC.pickle,52,post early,0.514146059,0.5152205098381312
399,BS_42,BS_42_3_AC.pickle,53,post early,0.535327344,0.4349752835126489
400,BS_42,BS_42_3_AC.pickle,55,post early,0.548359278,0.4888640108558689
401,BS_42,BS_42_3_AC.pickle,56,post early,0.580080502,0.457559368033343
402,BS_42,BS_42_3_AC.pickle,58,post early,0.520034247,0.6430977997479888
403,BS_42,BS_42_3_AC.pickle,61,post early,0.543824942,0.5570437142580207
404,BS_42,BS_42_3_AC.pickle,62,post early,0.533940781,
405,BS_42,BS_42_3_AC.pickle,63,post early,0.461400746,0.4340566065271438
406,BS_42,BS_42_3_AC.pickle,66,post early,0.518399306,0.547038867887952
407,BS_42,BS_42_3_AC.pickle,71,post early,0.486938267,0.478039158670156
408,BS_42,BS_42_3_AC.pickle,73,post early,0.511588685,0.4861674905495783
409,BS_42,BS_42_3_AC.pickle,80,post early,0.534072229,0.4520393525249588
410,BS_42,BS_42_3_AC.pickle,82,post early,0.487024551,
411,BS_42,BS_42_3_AC.pickle,92,post early,0.539610668,
412,BS_42,BS_42_3_AC.pickle,96,post early,0.648849175,0.49016393009768
413,BS_42,BS_42_3_AC.pickle,97,post early,0.552901512,0.5104430851063828
414,BS_42,BS_42_3_AC.pickle,99,post early,0.44205423,
415,BS_42,BS_42_3_AC.pickle,101,post early,0.628104405,
416,BS_42,BS_42_3_AC.pickle,102,post early,0.514246131,
417,BS_42,BS_42_3_AC.pickle,105,post early,0.468091915,
418,BS_42,BS_42_3_AC.pickle,107,post early,,
419,BS_42,BS_42_4_AC.pickle,0,post early,0.500042909,0.512193971705618
420,BS_42,BS_42_4_AC.pickle,1,post early,0.550958068,0.5273589723799469
421,BS_42,BS_42_4_AC.pickle,7,post early,0.550070552,0.5166575775249619
422,BS_42,BS_42_4_AC.pickle,12,post early,0.497541851,
423,BS_42,BS_42_4_AC.pickle,13,post early,0.480412868,0.5076176841946459
424,BS_42,BS_42_4_AC.pickle,16,post early,0.477662463,0.5235522978156318
425,BS_42,BS_42_4_AC.pickle,18,post early,0.50529323,0.4797912844593485
426,BS_42,BS_42_4_AC.pickle,26,post early,0.530660351,0.6293487326617478
427,BS_42,BS_42_4_AC.pickle,29,post early,0.490107363,
428,BS_42,BS_42_4_AC.pickle,36,post early,0.564843314,
429,BS_42,BS_42_4_AC.pickle,38,post early,0.515576458,0.474705159484493
430,BS_42,BS_42_4_AC.pickle,40,post early,0.584086111,0.557558599058849
431,BS_42,BS_42_4_AC.pickle,41,post early,0.599022545,0.6787275882913653
432,BS_42,BS_42_4_AC.pickle,42,post early,0.554145195,0.5545853016193039
433,BS_42,BS_42_4_AC.pickle,45,post early,0.549262616,0.6746857115414568
434,BS_42,BS_42_4_AC.pickle,46,post early,0.497773097,
435,BS_42,BS_42_4_AC.pickle,47,post early,0.453298931,
436,BS_42,BS_42_4_AC.pickle,48,post early,0.510211321,0.5718418520398525
437,BS_42,BS_42_4_AC.pickle,50,post early,0.525857914,0.5708205737345784
438,BS_42,BS_42_4_AC.pickle,51,post early,0.471235616,0.4964928118256713
439,BS_42,BS_42_4_AC.pickle,52,post early,0.482149875,
440,BS_42,BS_42_4_AC.pickle,57,post early,0.506724081,
441,BS_42,BS_42_4_AC.pickle,58,post early,0.557826789,0.5014395746813514
442,BS_42,BS_42_4_AC.pickle,61,post early,0.563500433,0.5587632957080684
443,BS_42,BS_42_4_AC.pickle,62,post early,0.50580702,
444,BS_42,BS_42_4_AC.pickle,63,post early,,
445,BS_42,BS_42_4_AC.pickle,65,post early,0.568079778,
446,BS_42,BS_42_4_AC.pickle,66,post early,0.479419333,
447,BS_42,BS_42_4_AC.pickle,68,post early,0.515367456,0.5791032142663194
448,BS_42,BS_42_4_AC.pickle,69,post early,0.557973925,0.5042957771260995
449,BS_42,BS_42_5_AC.pickle,0,post early,0.483964008,
450,BS_42,BS_42_5_AC.pickle,1,post early,0.485629854,0.5318222222222225
451,BS_42,BS_42_5_AC.pickle,3,post early,0.489946038,
452,BS_42,BS_42_5_AC.pickle,5,post early,0.509777762,
453,BS_42,BS_42_5_AC.pickle,11,post early,0.522735154,
454,BS_42,BS_42_5_AC.pickle,13,post early,0.498610911,0.5631111111111116
455,BS_42,BS_42_5_AC.pickle,20,post early,0.513208275,0.5139777777777781
456,BS_42,BS_42_5_AC.pickle,23,post early,0.51521657,
457,BS_42,BS_42_5_AC.pickle,24,post early,0.500888857,
458,BS_42,BS_42_5_AC.pickle,33,post early,0.565337785,0.5424000000000003
459,BS_42,BS_42_5_AC.pickle,38,post early,0.522298282,0.5167333333333337
460,BS_42,BS_42_5_AC.pickle,39,post early,0.515662954,
461,BS_42,BS_42_5_AC.pickle,41,post early,0.439469697,
462,BS_42,BS_42_6_AC.pickle,0,post late,0.535315248,
463,BS_42,BS_42_6_AC.pickle,7,post late,0.50630877,
464,BS_42,BS_42_6_AC.pickle,8,post late,0.52706451,0.5359084752462047
465,BS_42,BS_42_6_AC.pickle,9,post late,0.469757296,
466,BS_42,BS_42_6_AC.pickle,18,post late,0.502483965,
467,BS_42,BS_42_6_AC.pickle,21,post late,0.510758976,0.4737331884057969
468,BS_42,BS_42_6_AC.pickle,22,post late,0.540737325,0.6257147254776929
469,BS_42,BS_42_6_AC.pickle,26,post late,0.586104429,0.556519492513028
470,BS_42,BS_42_6_AC.pickle,36,post late,0.531062258,0.5088589572420615
471,BS_42,BS_42_6_AC.pickle,47,post late,0.522789558,0.5074692348849649
472,BS_42,BS_42_6_AC.pickle,48,post late,0.562139543,0.4724241957826691
473,BS_42,BS_42_6_AC.pickle,49,post late,0.549600989,0.4925814708807889
474,BS_42,BS_42_6_AC.pickle,51,post late,0.548560656,0.4964304997429683
475,BS_42,BS_42_6_AC.pickle,52,post late,0.512710718,
476,BS_42,BS_42_6_AC.pickle,62,post late,0.53788983,0.5296332373183229
477,BS_42,BS_42_6_AC.pickle,65,post late,0.515667688,
478,BS_42,BS_42_6_AC.pickle,66,post late,0.500769231,0.5364880952380952
479,BS_42,BS_42_6_AC.pickle,67,post late,0.527242625,
480,BS_42,BS_42_6_AC.pickle,68,post late,0.485257694,
481,BS_42,BS_42_6_AC.pickle,70,post late,0.546101604,
482,BS_42,BS_42_6_AC.pickle,72,post late,0.505416761,
483,BS_42,BS_42_6_AC.pickle,73,post late,0.514177617,0.5649352448382772
484,BS_42,BS_42_6_AC.pickle,76,post late,0.582859298,
485,BS_42,BS_42_6_AC.pickle,79,post late,0.506674046,
486,BS_42,BS_42_6_AC.pickle,80,post late,0.506529325,
487,BS_42,BS_42_6_AC.pickle,86,post late,0.533607569,0.5133098700048552
488,BS_42,BS_42_7_AC.pickle,0,post late,0.517473492,
489,BS_42,BS_42_7_AC.pickle,1,post late,0.498803366,
490,BS_42,BS_42_7_AC.pickle,23,post late,0.548641396,0.5898986486486487
491,BS_42,BS_42_7_AC.pickle,24,post late,0.55641952,
492,BS_42,BS_42_7_AC.pickle,25,post late,0.564156688,
493,BS_42,BS_42_7_AC.pickle,26,post late,0.539946261,
494,BS_42,BS_42_7_AC.pickle,33,post late,0.545930169,
495,BS_42,BS_42_7_AC.pickle,35,post late,0.577797928,
496,BS_42,BS_42_7_AC.pickle,42,post late,0.661087685,0.4499493243243246
497,BS_42,BS_42_7_AC.pickle,45,post late,0.537687533,
498,BS_42,BS_42_7_AC.pickle,46,post late,0.587834422,
499,BS_42,BS_42_7_AC.pickle,47,post late,0.53906096,0.4492905405405408
500,BS_42,BS_42_7_AC.pickle,49,post late,0.602324786,
501,BS_42,BS_42_7_AC.pickle,50,post late,0.52185495,
502,BS_42,BS_42_7_AC.pickle,52,post late,0.600628058,
503,BS_42,BS_42_7_AC.pickle,53,post late,0.689817532,
504,BS_42,BS_42_7_AC.pickle,58,post late,0.530503566,0.4763513513513517
505,BS_42,BS_42_7_AC.pickle,64,post late,0.571879304,
506,BS_42,BS_42_7_AC.pickle,65,post late,0.565065588,0.4483614864864867
507,BS_42,BS_42_7_AC.pickle,66,post late,0.609842344,
508,BS_42,BS_42_7_AC.pickle,69,post late,0.5224,
509,BS_42,BS_42_7_AC.pickle,71,post late,0.619192981,0.4684586466165418
510,BS_42,BS_42_7_AC.pickle,72,post late,0.570750008,0.4551182432432435
511,BS_42,BS_42_7_AC.pickle,73,post late,,
512,BS_42,BS_42_7_AC.pickle,84,post late,0.599343896,
513,BS_42,BS_42_7_AC.pickle,89,post late,0.589353999,
514,BS_42,BS_42_7_AC.pickle,93,post late,0.578677569,
515,BS_42,BS_42_7_AC.pickle,100,post late,0.629369621,0.5541408742397161
516,BS_42,BS_42_7_AC.pickle,117,post late,0.547886319,
517,BS_42,BS_42_7_AC.pickle,119,post late,0.664132333,
518,BS_42,BS_42_7_AC.pickle,124,post late,0.527754811,0.7002280881734005
519,BS_42,BS_42_8_AC.pickle,13,post expert,0.559880272,
520,BS_42,BS_42_8_AC.pickle,14,post expert,0.499273239,
521,BS_42,BS_42_9_AC.pickle,9,post expert,0.544340329,
522,BS_42,BS_42_9_AC.pickle,32,post expert,0.620769267,
523,BS_49,BS_49_10_AC.pickle,12,pre late,0.496330814,
524,BS_49,BS_49_12_AC.pickle,6,pre expert,0.600602811,
525,BS_49,BS_49_12_AC.pickle,10,pre expert,0.779021882,0.6006046481092437
526,BS_49,BS_49_12_AC.pickle,13,pre expert,0.680803575,0.4770456932773109
527,BS_49,BS_49_12_AC.pickle,22,pre expert,0.56226054,0.4471934086134453
528,BS_49,BS_49_12_AC.pickle,39,pre expert,0.702642524,0.4961403623949579
529,BS_49,BS_49_12_AC.pickle,49,pre expert,0.572870902,
530,BS_49,BS_49_14_AC.pickle,12,post late,0.546919399,0.5055790853279989
531,BS_49,BS_49_14_AC.pickle,16,post late,0.651823012,0.4945469177530983
532,BS_49,BS_49_16_AC.pickle,7,post expert,0.466148694,
533,BS_49,BS_49_16_AC.pickle,10,post expert,0.567348413,0.4445256557168322
534,BS_49,BS_49_16_AC.pickle,17,post expert,0.445510829,0.6103067863509041
535,BS_49,BS_49_1_AC.pickle,0,pre early,0.548485452,
536,BS_49,BS_49_1_AC.pickle,4,pre early,0.509686437,0.5852771480705303
537,BS_49,BS_49_1_AC.pickle,6,pre early,0.568166427,0.5756363359348652
538,BS_49,BS_49_1_AC.pickle,8,pre early,0.510971537,
539,BS_49,BS_49_1_AC.pickle,10,pre early,0.502070938,0.6189213644794527
540,BS_49,BS_49_1_AC.pickle,11,pre early,0.479154507,0.5578264856433973
541,BS_49,BS_49_1_AC.pickle,15,pre early,0.485892356,0.5231776141783496
542,BS_49,BS_49_1_AC.pickle,23,pre early,0.531207144,0.5440936979091391
543,BS_49,BS_49_1_AC.pickle,24,pre early,0.465762665,0.5797376445295563
544,BS_49,BS_49_1_AC.pickle,29,pre early,0.533333333,0.5157420178799488
545,BS_49,BS_49_1_AC.pickle,33,pre early,0.52235787,
546,BS_49,BS_49_1_AC.pickle,34,pre early,0.558547252,0.5840212428337428
547,BS_49,BS_49_1_AC.pickle,37,pre early,0.505224682,
548,BS_49,BS_49_1_AC.pickle,46,pre early,0.505684549,0.5329156079876668
549,BS_49,BS_49_1_AC.pickle,48,pre early,0.504042799,0.4859582923832923
550,BS_49,BS_49_1_AC.pickle,49,pre early,0.499950505,0.4859155531868767
551,BS_49,BS_49_1_AC.pickle,58,pre early,0.466667487,0.5723692194199547
552,BS_49,BS_49_1_AC.pickle,66,pre early,0.538108448,0.5722397673074142
553,BS_49,BS_49_1_AC.pickle,69,pre early,0.505585288,0.593396336175748
554,BS_49,BS_49_1_AC.pickle,71,pre early,0.483683829,0.518836487088693
555,BS_49,BS_49_1_AC.pickle,73,pre early,0.498442495,0.516221667991521
556,BS_49,BS_49_1_AC.pickle,74,pre early,0.527722761,0.6419829262417497
557,BS_49,BS_49_1_AC.pickle,80,pre early,0.499263183,0.5604153056800116
558,BS_49,BS_49_1_AC.pickle,81,pre early,0.501136703,
559,BS_49,BS_49_1_AC.pickle,82,pre early,0.499704455,0.5745781025678084
560,BS_49,BS_49_1_AC.pickle,83,pre early,0.505966219,
561,BS_49,BS_49_1_AC.pickle,94,pre early,0.531902248,
562,BS_49,BS_49_1_AC.pickle,96,pre early,0.489303536,0.5707042425446835
563,BS_49,BS_49_1_AC.pickle,97,pre early,0.509116141,0.5831790263525559
564,BS_49,BS_49_1_AC.pickle,105,pre early,0.539088677,0.6368231081905867
565,BS_49,BS_49_1_AC.pickle,108,pre early,0.497074457,0.4925776581394229
566,BS_49,BS_49_1_AC.pickle,111,pre early,0.513016438,0.5165782970805031
567,BS_49,BS_49_1_AC.pickle,112,pre early,0.485775526,0.5104835049621813
568,BS_49,BS_49_1_AC.pickle,113,pre early,0.473904205,0.5040361823722118
569,BS_49,BS_49_1_AC.pickle,118,pre early,,0.6148588263960557
570,BS_49,BS_49_1_AC.pickle,124,pre early,0.557958027,0.5392415257319513
571,BS_49,BS_49_1_AC.pickle,129,pre early,0.529613094,0.5625550802139037
572,BS_49,BS_49_1_AC.pickle,132,pre early,0.523309218,0.575571449390567
573,BS_49,BS_49_1_AC.pickle,133,pre early,0.450716424,
574,BS_49,BS_49_1_AC.pickle,135,pre early,0.532189011,0.5859596542716986
575,BS_49,BS_49_1_AC.pickle,143,pre early,0.50028301,0.6485701450113213
576,BS_49,BS_49_1_AC.pickle,146,pre early,0.500849372,0.5357317778339836
577,BS_49,BS_49_1_AC.pickle,150,pre early,0.492291738,0.6944217721732427
578,BS_49,BS_49_1_AC.pickle,152,pre early,0.562981867,0.5148561370862842
579,BS_49,BS_49_1_AC.pickle,155,pre early,0.492044996,
580,BS_49,BS_49_1_AC.pickle,157,pre early,0.45320658,
581,BS_49,BS_49_1_AC.pickle,161,pre early,0.496513659,0.5269638971190443
582,BS_49,BS_49_1_AC.pickle,162,pre early,0.499892718,0.5758516688679705
583,BS_49,BS_49_1_AC.pickle,169,pre early,0.543430259,0.5089255365659778
584,BS_49,BS_49_1_AC.pickle,176,pre early,0.526790909,
585,BS_49,BS_49_1_AC.pickle,178,pre early,0.518633921,0.6082042455557161
586,BS_49,BS_49_1_AC.pickle,188,pre early,0.444072727,
587,BS_49,BS_49_2_AC.pickle,4,pre early,0.529278567,0.4422186131814476
588,BS_49,BS_49_2_AC.pickle,6,pre early,0.611805054,0.5171622763830154
589,BS_49,BS_49_2_AC.pickle,11,pre early,0.595647368,0.5612145204785566
590,BS_49,BS_49_2_AC.pickle,12,pre early,0.653134759,0.5067099153952515
591,BS_49,BS_49_2_AC.pickle,16,pre early,0.545376398,0.5032057059415356
592,BS_49,BS_49_2_AC.pickle,17,pre early,0.473017929,0.5269011633781702
593,BS_49,BS_49_2_AC.pickle,20,pre early,0.535639073,0.4661956750605394
594,BS_49,BS_49_2_AC.pickle,26,pre early,0.484868027,0.4769278478123018
595,BS_49,BS_49_2_AC.pickle,30,pre early,0.552414785,0.5267053588836759
596,BS_49,BS_49_2_AC.pickle,31,pre early,0.578633681,0.5053501925422962
597,BS_49,BS_49_2_AC.pickle,39,pre early,0.527792111,0.4903341543618676
598,BS_49,BS_49_2_AC.pickle,42,pre early,0.530018988,0.4947698103238779
599,BS_49,BS_49_2_AC.pickle,47,pre early,0.634256336,0.5609540352914617
600,BS_49,BS_49_2_AC.pickle,58,pre early,0.511307325,0.5696598009650997
601,BS_49,BS_49_2_AC.pickle,60,pre early,0.55183468,0.5111217033218242
602,BS_49,BS_49_2_AC.pickle,64,pre early,0.500578207,0.5023965657513784
603,BS_49,BS_49_2_AC.pickle,66,pre early,0.522347272,0.5227445503731122
604,BS_49,BS_49_2_AC.pickle,69,pre early,0.473490323,
605,BS_49,BS_49_2_AC.pickle,78,pre early,0.438051703,0.5215939172157634
606,BS_49,BS_49_2_AC.pickle,86,pre early,0.532110907,0.5052778526804875
607,BS_49,BS_49_2_AC.pickle,90,pre early,0.514089614,0.5715131363283223
608,BS_49,BS_49_2_AC.pickle,102,pre early,0.508146656,0.6461490599165696
609,BS_49,BS_49_2_AC.pickle,105,pre early,0.458988893,0.565855507040717
610,BS_49,BS_49_2_AC.pickle,110,pre early,0.45425096,0.5308905636070854
611,BS_49,BS_49_2_AC.pickle,111,pre early,0.451076923,0.4798971861471861
612,BS_49,BS_49_2_AC.pickle,113,pre early,0.436339805,0.4112631765415347
613,BS_49,BS_49_2_AC.pickle,115,pre early,0.504850498,0.5296338276701195
614,BS_49,BS_49_2_AC.pickle,116,pre early,,
615,BS_49,BS_49_2_AC.pickle,122,pre early,0.511684156,0.5305586836240681
616,BS_49,BS_49_2_AC.pickle,127,pre early,0.536137279,0.4879462207192616
617,BS_49,BS_49_2_AC.pickle,128,pre early,0.513419381,0.5758854263206673
618,BS_49,BS_49_4_AC.pickle,0,pre early,0.530897436,
619,BS_49,BS_49_4_AC.pickle,7,pre early,,
620,BS_49,BS_49_4_AC.pickle,9,pre early,0.711201923,0.4189007092198581
621,BS_49,BS_49_4_AC.pickle,11,pre early,0.488125,0.6704964539007092
622,BS_49,BS_49_4_AC.pickle,14,pre early,0.69713141,0.4347872340425532
623,BS_49,BS_49_4_AC.pickle,16,pre early,0.642996795,0.5298936170212767
624,BS_49,BS_49_4_AC.pickle,18,pre early,0.559134615,
625,BS_49,BS_49_4_AC.pickle,19,pre early,,
626,BS_49,BS_49_4_AC.pickle,20,pre early,0.541153846,0.5242198581560283
627,BS_49,BS_49_4_AC.pickle,25,pre early,0.486858974,0.4544680851063829
628,BS_49,BS_49_4_AC.pickle,27,pre early,0.570192308,0.6903900709219859
629,BS_49,BS_49_4_AC.pickle,28,pre early,0.589150641,
630,BS_49,BS_49_4_AC.pickle,29,pre early,0.404903846,0.2943262411347517
631,BS_49,BS_49_4_AC.pickle,35,pre early,0.614967949,0.4229078014184396
632,BS_49,BS_49_4_AC.pickle,36,pre early,0.622099359,
633,BS_49,BS_49_4_AC.pickle,39,pre early,0.544182692,0.5176241134751772
634,BS_49,BS_49_4_AC.pickle,45,pre early,0.620336538,0.415886524822695
635,BS_49,BS_49_4_AC.pickle,46,pre early,0.561426282,0.5257801418439716
636,BS_49,BS_49_4_AC.pickle,53,pre early,0.742003205,0.6041489361702127
637,BS_49,BS_49_4_AC.pickle,54,pre early,0.548301282,
638,BS_49,BS_49_4_AC.pickle,55,pre early,0.564807692,
639,BS_49,BS_49_4_AC.pickle,56,pre early,0.634455128,0.6687943262411348
640,BS_49,BS_49_4_AC.pickle,58,pre early,0.544919872,
641,BS_49,BS_49_4_AC.pickle,66,pre early,0.434198718,
642,BS_49,BS_49_4_AC.pickle,68,pre early,0.767612179,0.646595744680851
643,BS_49,BS_49_4_AC.pickle,71,pre early,0.582291667,
644,BS_49,BS_49_4_AC.pickle,73,pre early,0.66349359,
645,BS_49,BS_49_5_AC.pickle,9,pre early,0.52676778,0.7249553571428572
646,BS_49,BS_49_5_AC.pickle,13,pre early,0.479225059,
647,BS_49,BS_49_5_AC.pickle,14,pre early,,
648,BS_49,BS_49_5_AC.pickle,18,pre early,0.447371388,0.5998278061224489
649,BS_49,BS_49_5_AC.pickle,24,pre early,,
650,BS_49,BS_49_6_AC.pickle,0,pre late,0.395631384,0.2620136170212765
651,BS_49,BS_49_6_AC.pickle,4,pre late,0.55950025,0.6447336170212766
652,BS_49,BS_49_7_AC.pickle,2,pre late,0.759465067,
653,BS_49,BS_49_7_AC.pickle,4,pre late,0.344483758,
654,BS_49,BS_49_9_AC.pickle,6,pre late,0.460774226,
655,BS_49,BS_49_9_AC.pickle,11,pre late,0.558007604,0.5814012719790498
656,BS_49,BS_49_9_AC.pickle,15,pre late,0.469365176,0.4787420234086901
657,BS_49,BS_49_9_AC.pickle,18,pre late,0.562097822,0.5819758834672415
658,BS_49,BS_49_9_AC.pickle,25,pre late,0.502033848,
659,BS_49,BS_49_9_AC.pickle,26,pre late,0.499077051,0.6295133819951338
660,BS_49,BS_49_9_AC.pickle,27,pre late,0.503393055,0.5376496748793046
661,BS_49,BS_49_9_AC.pickle,28,pre late,0.508223175,0.6535957743217002
662,BS_49,BS_49_9_AC.pickle,31,pre late,0.542542832,
663,BS_49,BS_49_9_AC.pickle,32,pre late,0.492045656,
664,BS_49,BS_49_9_AC.pickle,33,pre late,0.487401942,0.5896988556939174
665,BS_49,BS_49_9_AC.pickle,45,pre late,0.521050358,0.486169696969697
666,BS_49,BS_49_9_AC.pickle,49,pre late,0.524417234,
667,BS_49,BS_49_9_AC.pickle,61,pre late,0.540804347,0.6325394331320257
668,BS_49,BS_49_9_AC.pickle,62,pre late,0.501460556,
669,BS_50,BS_50_2_AC.pickle,2,pre early,0.593343074,0.5514434463562753
670,BS_50,BS_50_2_AC.pickle,6,pre early,0.468742545,0.5994805443094917
671,BS_50,BS_50_2_AC.pickle,10,pre early,0.503876589,0.6719656713900135
672,BS_50,BS_50_2_AC.pickle,14,pre early,0.61702723,0.5687429430949169
673,BS_50,BS_50_2_AC.pickle,18,pre early,0.558804055,
674,BS_50,BS_50_2_AC.pickle,19,pre early,,
675,BS_50,BS_50_2_AC.pickle,23,pre early,0.60285988,0.566612769905533
676,BS_50,BS_50_2_AC.pickle,32,pre early,0.44048155,
677,BS_50,BS_50_2_AC.pickle,35,pre early,0.860379905,0.6651985633153397
678,BS_50,BS_50_2_AC.pickle,42,pre early,0.468040858,
679,BS_50,BS_50_2_AC.pickle,43,pre early,0.452027912,0.5627507731668916
680,BS_50,BS_50_2_AC.pickle,47,pre early,0.464363448,0.4424395102339181
681,BS_50,BS_50_2_AC.pickle,65,pre early,,
682,BS_50,BS_50_2_AC.pickle,68,pre early,0.558645262,
683,BS_50,BS_50_2_AC.pickle,74,pre early,0.551916625,0.5417113838281602
684,BS_50,BS_50_2_AC.pickle,79,pre early,0.582810591,
685,BS_50,BS_50_2_AC.pickle,81,pre early,0.522176756,
686,BS_50,BS_50_2_AC.pickle,83,pre early,0.565949749,
687,BS_50,BS_50_2_AC.pickle,88,pre early,0.598695304,
688,BS_50,BS_50_2_AC.pickle,91,pre early,0.54245255,
689,BS_50,BS_50_2_AC.pickle,95,pre early,0.554688016,0.6833159159919029
690,BS_50,BS_50_3_AC.pickle,0,pre early,0.572685933,0.5528200223754015
691,BS_50,BS_50_3_AC.pickle,3,pre early,0.949779006,0.6429351474250244
692,BS_50,BS_50_3_AC.pickle,6,pre early,0.546655334,0.6398624995488831
693,BS_50,BS_50_3_AC.pickle,11,pre early,0.571198797,0.5661481829008624
694,BS_50,BS_50_3_AC.pickle,16,pre early,0.581616267,0.6733696632862969
695,BS_50,BS_50_3_AC.pickle,21,pre early,0.64904354,
696,BS_50,BS_50_3_AC.pickle,28,pre early,0.536291477,0.5474852935869212
697,BS_50,BS_50_3_AC.pickle,32,pre early,0.534871946,
698,BS_50,BS_50_3_AC.pickle,34,pre early,0.587434372,0.5987877584900214
699,BS_50,BS_50_3_AC.pickle,41,pre early,0.803742522,0.7097499007542676
700,BS_50,BS_50_3_AC.pickle,45,pre early,0.566415514,0.5398410194174756
701,BS_50,BS_50_3_AC.pickle,50,pre early,0.455243339,
702,BS_50,BS_50_7_AC.pickle,3,pre late,0.495826303,0.4978957016564246
703,BS_50,BS_50_7_AC.pickle,5,pre late,0.52660998,0.5692505116031595
704,BS_50,BS_50_7_AC.pickle,10,pre late,0.49375922,
705,BS_50,BS_50_7_AC.pickle,12,pre late,0.496180385,0.6137569311021591
706,BS_50,BS_50_7_AC.pickle,20,pre late,0.528053559,
707,BS_50,BS_50_7_AC.pickle,23,pre late,0.513277247,0.5307428675698167
708,BS_51,BS_51_2_AC.pickle,0,post expert,0.51802017,
709,BS_51,BS_51_2_AC.pickle,3,post expert,0.540256557,0.4529654577486179
710,BS_51,BS_51_2_AC.pickle,7,post expert,0.477214576,0.4769908571775713
711,BS_51,BS_51_2_AC.pickle,12,post expert,0.520053955,0.4959244517344026
712,BS_56,BS_56_1_AC.pickle,0,post expert,0.505006246,
713,BS_56,BS_56_1_AC.pickle,3,post expert,0.676945025,
714,BS_56,BS_56_1_AC.pickle,10,post expert,0.554080432,
715,BS_56,BS_56_1_AC.pickle,11,post expert,,
716,BS_56,BS_56_1_AC.pickle,14,post expert,0.560629991,
717,BS_56,BS_56_1_AC.pickle,15,post expert,0.522442472,
718,BS_56,BS_56_1_AC.pickle,16,post expert,0.504287412,0.4961179724385441
719,BS_56,BS_56_1_AC.pickle,17,post expert,,
720,BS_56,BS_56_1_AC.pickle,26,post expert,0.521215969,
721,BS_56,BS_56_2_AC.pickle,9,post expert,0.594866245,
722,BS_56,BS_56_3_AC.pickle,2,post expert,0.527753596,
723,BS_56,BS_56_3_AC.pickle,7,post expert,0.601288305,
724,BS_56,BS_56_3_AC.pickle,10,post expert,0.587398374,
725,BS_56,BS_56_3_AC.pickle,13,post expert,0.571961226,0.5103389049474255
726,BS_56,BS_56_3_AC.pickle,20,post expert,0.598222639,0.5223907670395038
727,BS_56,BS_56_3_AC.pickle,30,post expert,0.539222014,
728,BS_56,BS_56_3_AC.pickle,31,post expert,0.53003127,
729,BS_56,BS_56_3_AC.pickle,35,post expert,0.62542339,0.6123019563487074
730,BS_56,BS_56_4_AC.pickle,5,post expert,0.494651733,0.6238800464320627
731,BS_56,BS_56_4_AC.pickle,6,post expert,0.50127245,0.4939434211987916
732,BS_67,BS_67_1_AC.pickle,10,post late,0.58517039,
733,BS_67,BS_67_1_AC.pickle,14,post late,0.557896118,
734,BS_67,BS_67_1_AC.pickle,16,post late,0.582944625,0.4596536871192063
735,BS_67,BS_67_1_AC.pickle,19,post late,0.632571855,
736,BS_67,BS_67_1_AC.pickle,31,post late,0.53403054,0.6191108976411578
737,BS_67,BS_67_1_AC.pickle,55,post late,0.589478387,0.6264933461088041
738,BS_67,BS_67_1_AC.pickle,59,post late,0.582937277,
739,BS_67,BS_67_2_AC.pickle,1,post expert,0.610035422,
740,BS_67,BS_67_2_AC.pickle,5,post expert,,
741,BS_67,BS_67_2_AC.pickle,8,post expert,0.525120814,
742,BS_67,BS_67_2_AC.pickle,43,post expert,0.526154198,
743,BS_67,BS_67_2_AC.pickle,47,post expert,0.478125,
744,BS_67,BS_67_2_AC.pickle,49,post expert,,
745,BS_67,BS_67_3_AC.pickle,26,post expert,,
746,BS_70,BS_70_10_AC.pickle,11,post late,0.490172925,0.6346602787456448
747,BS_70,BS_70_10_AC.pickle,16,post late,0.540954187,0.5117374166791012
748,BS_70,BS_70_10_AC.pickle,19,post late,0.549132437,0.576247185155546
749,BS_70,BS_70_10_AC.pickle,27,post late,0.475589209,0.5513693435515364
750,BS_70,BS_70_10_AC.pickle,30,post late,0.537864072,0.5575569506638433
751,BS_70,BS_70_10_AC.pickle,37,post late,0.492669048,
752,BS_70,BS_70_10_AC.pickle,38,post late,0.493552551,
753,BS_70,BS_70_10_AC.pickle,41,post late,0.528512738,
754,BS_70,BS_70_10_AC.pickle,43,post late,0.525294984,0.5048935034650751
755,BS_70,BS_70_11_AC.pickle,14,post late,0.570408589,0.5309130099202118
756,BS_70,BS_70_11_AC.pickle,15,post late,0.544630925,
757,BS_70,BS_70_11_AC.pickle,18,post late,0.570726906,0.5519612725019926
758,BS_70,BS_70_11_AC.pickle,23,post late,0.475991288,0.4830338518360677
759,BS_70,BS_70_11_AC.pickle,24,post late,0.620481022,
760,BS_70,BS_70_11_AC.pickle,32,post late,0.578311929,0.4836192974564164
761,BS_70,BS_70_11_AC.pickle,35,post late,0.537811923,0.5803829880594421
762,BS_70,BS_70_11_AC.pickle,37,post late,0.484226418,
763,BS_70,BS_70_11_AC.pickle,38,post late,0.511405247,0.5007354120794563
764,BS_70,BS_70_12_AC.pickle,5,post late,0.579645065,
765,BS_70,BS_70_12_AC.pickle,6,post late,0.669480871,0.4888174423299358
766,BS_70,BS_70_12_AC.pickle,7,post late,0.524301391,0.5745654197477161
767,BS_70,BS_70_12_AC.pickle,19,post late,0.703624446,0.5680743204653557
768,BS_70,BS_70_12_AC.pickle,20,post late,0.633519067,
769,BS_70,BS_70_13_AC.pickle,5,post expert,,
770,BS_70,BS_70_13_AC.pickle,8,post expert,,0.4826555592066195
771,BS_70,BS_70_13_AC.pickle,18,post expert,0.68436591,0.5195646912651598
772,BS_70,BS_70_1_AC.pickle,1,pre late,0.782678447,0.6925652276916983
773,BS_70,BS_70_1_AC.pickle,2,pre late,0.680799145,
774,BS_70,BS_70_1_AC.pickle,13,pre late,0.579582185,0.570406331794567
775,BS_70,BS_70_1_AC.pickle,15,pre late,0.516575743,0.429685590444414
776,BS_70,BS_70_1_AC.pickle,23,pre late,0.532292842,0.4004073495132318
777,BS_70,BS_70_1_AC.pickle,31,pre late,0.518964466,
778,BS_70,BS_70_1_AC.pickle,37,pre late,0.587816265,0.5103295732589851
779,BS_70,BS_70_1_AC.pickle,42,pre late,0.513250941,
780,BS_70,BS_70_1_AC.pickle,58,pre late,0.502812399,
781,BS_70,BS_70_1_AC.pickle,66,pre late,0.688001192,
782,BS_70,BS_70_1_AC.pickle,69,pre late,0.613267063,
783,BS_70,BS_70_1_AC.pickle,72,pre late,,
784,BS_70,BS_70_1_AC.pickle,73,pre late,0.578052411,
785,BS_70,BS_70_1_AC.pickle,74,pre late,0.57031232,
786,BS_70,BS_70_1_AC.pickle,77,pre late,0.575949117,
787,BS_70,BS_70_1_AC.pickle,78,pre late,0.559222198,
788,BS_70,BS_70_1_AC.pickle,80,pre late,0.611324218,
789,BS_70,BS_70_1_AC.pickle,81,pre late,0.556352669,
790,BS_70,BS_70_1_AC.pickle,85,pre late,0.532513319,
791,BS_70,BS_70_1_AC.pickle,88,pre late,0.673197138,
792,BS_70,BS_70_1_AC.pickle,91,pre late,0.585394356,0.4841046688605512
793,BS_70,BS_70_1_AC.pickle,98,pre late,0.521709968,0.5457913181589652
794,BS_70,BS_70_1_AC.pickle,124,pre late,,
795,BS_70,BS_70_1_AC.pickle,127,pre late,0.647330086,0.5646488901077137
796,BS_70,BS_70_1_AC.pickle,140,pre late,0.531723164,0.4490434198698904
797,BS_70,BS_70_1_AC.pickle,141,pre late,0.58243944,0.5540629622011974
798,BS_70,BS_70_5_AC.pickle,0,post early,0.581121085,0.529493382961125
799,BS_70,BS_70_5_AC.pickle,3,post early,0.543921242,0.5252443095086587
800,BS_70,BS_70_5_AC.pickle,4,post early,0.511878607,0.4960330466121726
801,BS_70,BS_70_5_AC.pickle,10,post early,0.65212339,0.5443362384735592
802,BS_70,BS_70_6_AC.pickle,2,post early,0.531912311,
803,BS_70,BS_70_6_AC.pickle,3,post early,0.510422492,0.512460309201168
804,BS_70,BS_70_6_AC.pickle,14,post early,0.507442739,0.5640909261061615
805,BS_70,BS_70_6_AC.pickle,16,post early,0.552133928,
806,BS_70,BS_70_6_AC.pickle,37,post early,0.614116398,0.5750879266017003
807,BS_70,BS_70_6_AC.pickle,42,post early,0.538467182,
808,BS_70,BS_70_6_AC.pickle,51,post early,0.568493923,0.6335476155665402
809,BS_70,BS_70_6_AC.pickle,52,post early,0.485468949,
810,BS_70,BS_70_6_AC.pickle,56,post early,0.470686491,
811,BS_70,BS_70_6_AC.pickle,68,post early,0.576114918,0.5224946412308094
812,BS_70,BS_70_6_AC.pickle,73,post early,0.458455326,
813,BS_70,BS_70_6_AC.pickle,74,post early,0.546006767,0.5420681215841882
814,BS_70,BS_70_6_AC.pickle,78,post early,0.505322556,0.7374883550504707
815,BS_70,BS_70_6_AC.pickle,81,post early,0.490061105,0.6125270270270271
816,BS_70,BS_70_7_AC.pickle,15,post late,0.541968724,
817,BS_70,BS_70_7_AC.pickle,22,post late,0.67608385,0.5409118651004614
818,BS_70,BS_70_7_AC.pickle,45,post late,0.58353444,0.5520933185400207
819,BS_70,BS_70_7_AC.pickle,49,post late,0.487916922,0.5299839572192514
820,BS_70,BS_70_7_AC.pickle,51,post late,0.483578288,
821,BS_70,BS_70_7_AC.pickle,62,post late,0.552985275,
822,BS_70,BS_70_7_AC.pickle,63,post late,0.52477152,0.5936050617181348
823,BS_70,BS_70_7_AC.pickle,72,post late,0.536918889,0.509896169654199
824,BS_70,BS_70_8_AC.pickle,1,post late,0.579639172,0.5236474140684511
825,BS_70,BS_70_8_AC.pickle,3,post late,0.528185567,0.4908588835332278
826,BS_70,BS_70_8_AC.pickle,18,post late,0.64610432,0.5194046764270472
827,BS_70,BS_70_8_AC.pickle,20,post late,0.580631242,0.591752110159595
828,BS_70,BS_70_8_AC.pickle,21,post late,0.663534641,0.5212015006410242
829,BS_70,BS_70_8_AC.pickle,25,post late,0.53751812,
830,BS_70,BS_70_8_AC.pickle,28,post late,0.590777989,
831,BS_70,BS_70_8_AC.pickle,29,post late,0.470389972,0.4787457254540858
832,BS_70,BS_70_8_AC.pickle,32,post late,0.478594215,
833,BS_70,BS_70_8_AC.pickle,36,post late,0.5808064,0.5978715494451463
834,BS_70,BS_70_8_AC.pickle,40,post late,0.546646319,
835,BS_70,BS_70_8_AC.pickle,42,post late,0.564159128,0.5383111050973489
836,BS_70,BS_70_8_AC.pickle,48,post late,0.584762902,
837,BS_70,BS_70_8_AC.pickle,52,post late,0.57832329,
838,BS_70,BS_70_8_AC.pickle,53,post late,0.50529173,
839,BS_70,BS_70_9_AC.pickle,8,post late,0.470780747,0.4832633392789332
840,BS_70,BS_70_9_AC.pickle,9,post late,0.632857424,
841,BS_70,BS_70_9_AC.pickle,14,post late,0.548743865,0.4825023103212576
842,BS_70,BS_70_9_AC.pickle,15,post late,0.545262057,0.5405115772114268
843,BS_70,BS_70_9_AC.pickle,20,post late,0.546693479,
844,BS_70,BS_70_9_AC.pickle,21,post late,0.496600743,0.5636698944501193
845,BS_70,BS_70_9_AC.pickle,34,post late,0.51018342,0.482662378272134
846,BS_70,BS_70_9_AC.pickle,35,post late,0.501654418,0.5133227152404821
847,BS_70,BS_70_9_AC.pickle,36,post late,0.502242499,0.5160652492812117
848,BS_70,BS_70_9_AC.pickle,38,post late,0.50554417,0.4670704342674868
849,BS_70,BS_70_9_AC.pickle,40,post late,0.516105448,0.5561945494580607
850,BS_70,BS_70_9_AC.pickle,41,post late,0.623264233,
851,BS_70,BS_70_9_AC.pickle,48,post late,0.650114835,0.7441068949072525
852,BS_70,BS_70_9_AC.pickle,54,post late,0.552070145,0.5032202296083113
853,BS_70,BS_70_9_AC.pickle,56,post late,0.611465053,0.4938780008027322
854,BS_70,BS_70_9_AC.pickle,60,post late,0.537545235,0.5883936051047559
855,BS_72,BS_72_10_AC.pickle,1,post late,0.519139334,
856,BS_72,BS_72_10_AC.pickle,13,post late,0.506100245,
857,BS_72,BS_72_10_AC.pickle,18,post late,0.56917119,0.6394101629963699
858,BS_72,BS_72_10_AC.pickle,24,post late,0.527708594,
859,BS_72,BS_72_10_AC.pickle,31,post late,0.501201808,
860,BS_72,BS_72_10_AC.pickle,32,post late,0.494839489,0.476193782056713
861,BS_72,BS_72_10_AC.pickle,39,post late,0.521220202,0.5295045241105588
862,BS_72,BS_72_12_AC.pickle,22,post late,0.471778105,0.4606580597694706
863,BS_72,BS_72_12_AC.pickle,25,post late,0.44851045,
864,BS_72,BS_72_13_AC.pickle,0,post late,0.563666173,0.5802330527220337
865,BS_72,BS_72_13_AC.pickle,6,post late,0.591883254,
866,BS_72,BS_72_13_AC.pickle,10,post late,0.592653846,
867,BS_72,BS_72_13_AC.pickle,12,post late,0.557793741,0.6092909641444635
868,BS_72,BS_72_1_AC.pickle,0,pre expert,0.649198035,0.5526617120601447
869,BS_72,BS_72_1_AC.pickle,5,pre expert,0.603814055,
870,BS_72,BS_72_1_AC.pickle,16,pre expert,,
871,BS_72,BS_72_1_AC.pickle,18,pre expert,,
872,BS_72,BS_72_1_AC.pickle,20,pre expert,,
873,BS_72,BS_72_1_AC.pickle,24,pre expert,0.612616759,
874,BS_72,BS_72_1_AC.pickle,26,pre expert,,
875,BS_72,BS_72_1_AC.pickle,27,pre expert,,
876,BS_72,BS_72_1_AC.pickle,29,pre expert,0.540009167,
877,BS_72,BS_72_1_AC.pickle,30,pre expert,0.626321305,0.564267919454283
878,BS_72,BS_72_1_AC.pickle,31,pre expert,0.534398622,
879,BS_72,BS_72_1_AC.pickle,32,pre expert,,
880,BS_72,BS_72_1_AC.pickle,38,pre expert,0.657338201,
881,BS_72,BS_72_1_AC.pickle,41,pre expert,0.484184082,
882,BS_72,BS_72_1_AC.pickle,51,pre expert,,
883,BS_72,BS_72_1_AC.pickle,54,pre expert,0.485994314,
884,BS_72,BS_72_1_AC.pickle,58,pre expert,,
885,BS_72,BS_72_2_AC.pickle,0,pre expert,0.559501454,
886,BS_72,BS_72_2_AC.pickle,1,pre expert,0.673312624,
887,BS_72,BS_72_2_AC.pickle,3,pre expert,0.730523473,0.5533991228070174
888,BS_72,BS_72_2_AC.pickle,7,pre expert,0.85225869,
889,BS_72,BS_72_2_AC.pickle,8,pre expert,0.585078244,
890,BS_72,BS_72_2_AC.pickle,17,pre expert,0.639153857,
891,BS_72,BS_72_2_AC.pickle,19,pre expert,0.746553109,0.5027882205513785
892,BS_72,BS_72_2_AC.pickle,20,pre expert,,
893,BS_72,BS_72_2_AC.pickle,26,pre expert,0.568354799,
894,BS_72,BS_72_2_AC.pickle,45,pre expert,0.549293727,
895,BS_72,BS_72_2_AC.pickle,52,pre expert,0.575759046,
896,BS_72,BS_72_4_AC.pickle,0,post early,0.557899828,0.6569728637709598
897,BS_72,BS_72_4_AC.pickle,2,post early,0.513494711,
898,BS_72,BS_72_4_AC.pickle,7,post early,0.604765368,
899,BS_72,BS_72_4_AC.pickle,9,post early,0.554332136,0.5783476007696879
900,BS_72,BS_72_4_AC.pickle,10,post early,0.536145454,
901,BS_72,BS_72_4_AC.pickle,11,post early,0.553024611,0.5148719171901944
902,BS_72,BS_72_4_AC.pickle,12,post early,0.594467158,
903,BS_72,BS_72_4_AC.pickle,34,post early,0.50074962,
904,BS_72,BS_72_4_AC.pickle,43,post early,0.552723386,
905,BS_72,BS_72_4_AC.pickle,44,post early,0.559827396,
906,BS_72,BS_72_4_AC.pickle,46,post early,0.562364267,
907,BS_72,BS_72_4_AC.pickle,54,post early,0.590319799,0.5138463909832119
908,BS_72,BS_72_4_AC.pickle,55,post early,0.604899238,0.3804242351046698
909,BS_72,BS_72_4_AC.pickle,64,post early,0.468028991,0.5504358585330205
910,BS_72,BS_72_4_AC.pickle,68,post early,0.529837352,0.477938658997685
911,BS_72,BS_72_4_AC.pickle,70,post early,0.66571752,0.5454023746981985
912,BS_72,BS_72_4_AC.pickle,79,post early,0.555831101,0.5569616884158547
913,BS_72,BS_72_4_AC.pickle,80,post early,,
914,BS_72,BS_72_4_AC.pickle,88,post early,0.527315778,0.5163270180479899
915,BS_72,BS_72_4_AC.pickle,90,post early,0.518363464,
916,BS_72,BS_72_4_AC.pickle,95,post early,0.553783001,
917,BS_72,BS_72_4_AC.pickle,100,post early,0.553328529,
918,BS_72,BS_72_4_AC.pickle,101,post early,0.490707169,
919,BS_72,BS_72_4_AC.pickle,114,post early,0.508814153,
920,BS_72,BS_72_4_AC.pickle,115,post early,0.63443251,0.6218237549335744
921,BS_72,BS_72_5_AC.pickle,0,post late,0.564840581,
922,BS_72,BS_72_5_AC.pickle,10,post late,0.753147107,0.636684362934363
923,BS_72,BS_72_5_AC.pickle,14,post late,0.538328806,
924,BS_72,BS_72_5_AC.pickle,22,post late,,
925,BS_72,BS_72_5_AC.pickle,33,post late,0.55626017,0.4692838728735335
926,BS_72,BS_72_5_AC.pickle,36,post late,0.799776069,0.5313272142366311
927,BS_72,BS_72_5_AC.pickle,37,post late,0.506461985,
928,BS_72,BS_72_5_AC.pickle,42,post late,0.699903765,0.5854536679536679
929,BS_72,BS_72_5_AC.pickle,54,post late,0.592464082,
930,BS_72,BS_72_5_AC.pickle,55,post late,0.483705305,
931,BS_72,BS_72_5_AC.pickle,56,post late,0.539925094,
932,BS_72,BS_72_5_AC.pickle,58,post late,0.472337192,
933,BS_72,BS_72_5_AC.pickle,61,post late,0.550565724,0.5530357142857142
934,BS_72,BS_72_5_AC.pickle,63,post late,0.469065637,
935,BS_72,BS_72_5_AC.pickle,66,post late,0.486600799,
936,BS_72,BS_72_6_AC.pickle,0,post late,0.542741723,
937,BS_72,BS_72_6_AC.pickle,7,post late,,
938,BS_72,BS_72_6_AC.pickle,12,post late,0.582654558,
939,BS_72,BS_72_6_AC.pickle,13,post late,0.564080338,
940,BS_72,BS_72_6_AC.pickle,14,post late,0.64114553,
941,BS_72,BS_72_6_AC.pickle,17,post late,0.554711705,
942,BS_72,BS_72_6_AC.pickle,22,post late,0.537900394,
943,BS_72,BS_72_6_AC.pickle,23,post late,0.560482734,0.5311874079528716
944,BS_72,BS_72_6_AC.pickle,26,post late,0.564538407,0.5187426362297495
945,BS_72,BS_72_6_AC.pickle,27,post late,0.635627828,0.5399691291637416
946,BS_72,BS_72_6_AC.pickle,28,post late,0.56891601,
947,BS_72,BS_72_6_AC.pickle,29,post late,0.531146035,
948,BS_72,BS_72_6_AC.pickle,31,post late,0.606333846,0.481751656848306
949,BS_72,BS_72_6_AC.pickle,32,post late,0.663163776,
950,BS_72,BS_72_6_AC.pickle,40,post late,0.646466994,0.5910846486017538
951,BS_72,BS_72_6_AC.pickle,41,post late,0.596826831,
952,BS_72,BS_72_6_AC.pickle,42,post late,0.523669998,0.4840813696612663
953,BS_72,BS_72_6_AC.pickle,43,post late,0.554505435,
954,BS_72,BS_72_6_AC.pickle,45,post late,0.557584521,
955,BS_72,BS_72_6_AC.pickle,57,post late,0.564613131,
956,BS_72,BS_72_6_AC.pickle,61,post late,0.603373872,
957,BS_72,BS_72_6_AC.pickle,64,post late,0.490959488,
958,BS_72,BS_72_6_AC.pickle,65,post late,0.810151018,
959,BS_72,BS_72_7_AC.pickle,12,post late,0.587088127,
960,BS_72,BS_72_7_AC.pickle,13,post late,0.521627054,0.520054054054054
961,BS_72,BS_72_7_AC.pickle,14,post late,0.57321072,0.5506936936936937
962,BS_72,BS_72_7_AC.pickle,15,post late,0.648873895,0.5462702702702703
963,BS_72,BS_72_7_AC.pickle,16,post late,0.62471321,0.5191948198198199
964,BS_72,BS_72_7_AC.pickle,33,post late,0.662019673,0.533864864864865
965,BS_72,BS_72_7_AC.pickle,35,post late,0.548139836,0.5713547297297297
966,BS_72,BS_72_7_AC.pickle,36,post late,0.515235,
967,BS_72,BS_72_8_AC.pickle,5,post late,0.589200481,
968,BS_72,BS_72_8_AC.pickle,7,post late,0.489779472,
969,BS_72,BS_72_8_AC.pickle,10,post late,0.572315188,0.5747658789301755
970,BS_72,BS_72_8_AC.pickle,17,post late,0.528670848,0.5065484806723832
971,BS_72,BS_72_8_AC.pickle,18,post late,0.461834186,
972,BS_72,BS_72_8_AC.pickle,19,post late,0.48476383,0.5317071253572887
973,BS_72,BS_72_8_AC.pickle,23,post late,0.576201122,0.452953099904723
974,BS_72,BS_72_8_AC.pickle,36,post late,0.462563796,
975,BS_72,BS_72_8_AC.pickle,37,post late,0.553888129,
976,BS_72,BS_72_8_AC.pickle,44,post late,0.51710751,0.4483362637362637
977,BS_72,BS_72_9_AC.pickle,2,post late,0.481483077,
978,BS_72,BS_72_9_AC.pickle,8,post late,0.654206729,0.5495663567749396
979,BS_72,BS_72_9_AC.pickle,11,post late,0.648663735,0.5111837401450646
980,BS_87,BS_87_10_AC.pickle,4,post expert,0.562068731,
981,BS_87,BS_87_11_AC.pickle,1,post expert,0.608088715,
982,BS_87,BS_87_11_AC.pickle,4,post expert,0.687982562,
983,BS_87,BS_87_11_AC.pickle,10,post expert,0.739814815,
984,BS_87,BS_87_11_AC.pickle,12,post expert,0.52526655,
985,BS_87,BS_87_1_AC.pickle,5,pre expert,0.559189348,
986,BS_87,BS_87_1_AC.pickle,7,pre expert,0.609586467,
987,BS_87,BS_87_1_AC.pickle,8,pre expert,0.532097918,0.6268159605100782
988,BS_87,BS_87_1_AC.pickle,12,pre expert,0.714628849,0.7081240538872892
989,BS_87,BS_87_1_AC.pickle,14,pre expert,0.529429616,0.6441311240230356
990,BS_87,BS_87_1_AC.pickle,15,pre expert,0.542096703,0.6404685726038666
991,BS_87,BS_87_1_AC.pickle,30,pre expert,0.559716171,0.578610180995475
992,BS_87,BS_87_1_AC.pickle,39,pre expert,0.816116066,0.7644507764294528
993,BS_87,BS_87_2_AC.pickle,25,pre expert,0.875939428,0.7546230904192641
994,BS_87,BS_87_4_AC.pickle,3,post early,0.795158237,0.6706018985139623
995,BS_87,BS_87_4_AC.pickle,10,post early,0.433575758,
996,BS_87,BS_87_4_AC.pickle,15,post early,0.581171727,0.5519247525141421
997,BS_87,BS_87_4_AC.pickle,18,post early,0.725494487,0.6246016628131453
998,BS_87,BS_87_4_AC.pickle,19,post early,0.567466648,0.5929391358759092
999,BS_87,BS_87_4_AC.pickle,26,post early,0.871462306,0.6109961762711072
1000,BS_87,BS_87_4_AC.pickle,27,post early,0.563914639,0.5884458309014995
1001,BS_87,BS_87_4_AC.pickle,33,post early,0.586945359,0.543779478502589
1002,BS_87,BS_87_4_AC.pickle,34,post early,0.793327997,0.6558913595707241
1003,BS_87,BS_87_4_AC.pickle,35,post early,0.531437512,0.5775937771243003
1004,BS_87,BS_87_4_AC.pickle,38,post early,0.796577349,0.5873519256382629
1005,BS_87,BS_87_4_AC.pickle,44,post early,0.601579613,0.5211380594303983
1006,BS_87,BS_87_4_AC.pickle,45,post early,0.590275919,0.5842925898282003
1007,BS_87,BS_87_4_AC.pickle,57,post early,0.595742451,0.6487142258537606
1008,BS_87,BS_87_4_AC.pickle,62,post early,0.472544615,
1009,BS_87,BS_87_4_AC.pickle,63,post early,0.550921624,0.6131683773682319
1010,BS_87,BS_87_4_AC.pickle,73,post early,0.705287094,0.655574643268684
1011,BS_87,BS_87_4_AC.pickle,74,post early,0.776560592,0.6066801658028625
1012,BS_87,BS_87_4_AC.pickle,80,post early,0.591020595,
1013,BS_87,BS_87_4_AC.pickle,82,post early,0.583211947,
1014,BS_87,BS_87_4_AC.pickle,99,post early,0.478079133,0.6575676358459788
1015,BS_87,BS_87_4_AC.pickle,115,post early,0.651546967,0.5825849372202754
1016,BS_87,BS_87_4_AC.pickle,124,post early,0.569802684,
1017,BS_87,BS_87_4_AC.pickle,125,post early,0.549520167,0.5559954674976161
1018,BS_87,BS_87_4_AC.pickle,141,post early,0.606049761,0.5257688317470295
1019,BS_87,BS_87_4_AC.pickle,142,post early,0.529360052,0.5343718535811558
1020,BS_87,BS_87_4_AC.pickle,145,post early,0.536831493,
1021,BS_87,BS_87_4_AC.pickle,154,post early,0.523816176,0.6295595238095238
1022,BS_87,BS_87_4_AC.pickle,156,post early,0.489627114,0.7159884328888689
1023,BS_87,BS_87_4_AC.pickle,162,post early,0.56512841,0.4498403454326419
1024,BS_87,BS_87_4_AC.pickle,166,post early,0.542388564,
1025,BS_87,BS_87_4_AC.pickle,172,post early,0.663174579,0.6105470101538416
1026,BS_87,BS_87_4_AC.pickle,181,post early,0.551502062,0.5173998230700212
1027,BS_87,BS_87_4_AC.pickle,187,post early,0.672328266,0.5351466032877797
1028,BS_87,BS_87_4_AC.pickle,211,post early,0.584558096,0.5281290726117693
1029,BS_87,BS_87_4_AC.pickle,216,post early,0.537702826,0.5781293529825507
1030,BS_87,BS_87_4_AC.pickle,219,post early,0.581133917,
1031,BS_87,BS_87_4_AC.pickle,227,post early,0.500186345,
1032,BS_87,BS_87_4_AC.pickle,260,post early,0.517370794,
1033,BS_87,BS_87_4_AC.pickle,267,post early,,0.7011751303837059
1034,BS_87,BS_87_5_AC.pickle,7,post early,0.645907765,0.6404097438460054
1035,BS_87,BS_87_5_AC.pickle,11,post early,0.575591797,0.5986276824171062
1036,BS_87,BS_87_5_AC.pickle,14,post early,0.593349385,0.4928915963613061
1037,BS_87,BS_87_5_AC.pickle,16,post early,0.553492968,
1038,BS_87,BS_87_5_AC.pickle,18,post early,0.503399574,
1039,BS_87,BS_87_5_AC.pickle,24,post early,0.515638765,0.6075846828794976
1040,BS_87,BS_87_5_AC.pickle,25,post early,0.510256329,0.5691473797690954
1041,BS_87,BS_87_5_AC.pickle,26,post early,0.502567433,
1042,BS_87,BS_87_5_AC.pickle,28,post early,0.549914287,
1043,BS_87,BS_87_5_AC.pickle,30,post early,0.530354226,0.7491623708671478
1044,BS_87,BS_87_5_AC.pickle,33,post early,0.547289041,0.539419087286417
1045,BS_87,BS_87_5_AC.pickle,35,post early,0.617590493,
1046,BS_87,BS_87_5_AC.pickle,37,post early,0.571314226,
1047,BS_87,BS_87_5_AC.pickle,42,post early,0.551541146,0.485128794486982
1048,BS_87,BS_87_5_AC.pickle,43,post early,0.545715769,0.6361767926046478
1049,BS_87,BS_87_5_AC.pickle,47,post early,0.590439217,0.6670840166369578
1050,BS_87,BS_87_5_AC.pickle,49,post early,0.582226248,0.5741704260651629
1051,BS_87,BS_87_5_AC.pickle,52,post early,0.5583273,0.6091574565006062
1052,BS_87,BS_87_5_AC.pickle,53,post early,0.495343827,
1053,BS_87,BS_87_5_AC.pickle,55,post early,0.549838933,0.5224169859899
1054,BS_87,BS_87_5_AC.pickle,83,post early,0.564418412,0.6272012417215528
1055,BS_87,BS_87_5_AC.pickle,84,post early,0.501516876,0.5762741737572771
1056,BS_87,BS_87_5_AC.pickle,87,post early,0.619500528,0.6308160947757036
1057,BS_87,BS_87_5_AC.pickle,93,post early,0.748846096,0.5734254103633959
1058,BS_87,BS_87_5_AC.pickle,97,post early,0.528545739,0.7108649891865911
1059,BS_87,BS_87_5_AC.pickle,99,post early,0.922384405,0.6027978539088613
1060,BS_87,BS_87_5_AC.pickle,101,post early,0.652453335,0.5067450383384486
1061,BS_87,BS_87_5_AC.pickle,126,post early,0.519505603,
1062,BS_87,BS_87_5_AC.pickle,132,post early,0.548239538,
1063,BS_87,BS_87_6_AC.pickle,3,post early,0.524080611,
1064,BS_87,BS_87_6_AC.pickle,7,post early,0.515198715,
1065,BS_87,BS_87_6_AC.pickle,11,post early,0.520947456,
1066,BS_87,BS_87_6_AC.pickle,14,post early,0.484050567,
1067,BS_87,BS_87_6_AC.pickle,16,post early,0.488421587,0.5218316938006338
1068,BS_87,BS_87_6_AC.pickle,39,post early,0.494644658,
1069,BS_87,BS_87_6_AC.pickle,40,post early,0.527962265,0.5565809613693964
1070,BS_87,BS_87_6_AC.pickle,44,post early,0.635295662,
1071,BS_87,BS_87_6_AC.pickle,51,post early,0.53056692,
1072,BS_87,BS_87_6_AC.pickle,61,post early,0.50125405,
1073,BS_87,BS_87_6_AC.pickle,62,post early,0.503087691,0.5260790167792982
1074,BS_87,BS_87_6_AC.pickle,70,post early,0.542299271,0.513311020512379
1075,BS_87,BS_87_6_AC.pickle,84,post early,0.553042579,
1076,BS_87,BS_87_6_AC.pickle,87,post early,0.53068005,
1077,BS_87,BS_87_6_AC.pickle,88,post early,0.48945008,
1078,BS_87,BS_87_6_AC.pickle,98,post early,0.4924573,0.5341807973421926
1079,BS_87,BS_87_7_AC.pickle,6,post early,,
1080,BS_87,BS_87_7_AC.pickle,9,post early,0.555826667,
1081,BS_87,BS_87_7_AC.pickle,11,post early,0.473406839,
1082,BS_87,BS_87_8_AC.pickle,1,post late,0.621821783,
1083,BS_87,BS_87_8_AC.pickle,2,post late,0.661214665,
1084,BS_87,BS_87_8_AC.pickle,3,post late,0.522338765,
1085,BS_87,BS_87_8_AC.pickle,10,post late,0.493027166,
1086,BS_87,BS_87_8_AC.pickle,11,post late,0.614829647,
1087,BS_87,BS_87_8_AC.pickle,45,post late,0.601445167,0.6344845220981845
1088,BS_87,BS_87_8_AC.pickle,66,post late,0.563911593,
1089,BS_87,BS_87_8_AC.pickle,68,post late,,
1090,BS_87,BS_87_8_AC.pickle,71,post late,0.550531946,0.5637569002576593
1091,BS_87,BS_87_9_AC.pickle,0,post late,0.494513134,
1092,BS_87,BS_87_9_AC.pickle,2,post late,0.52332377,
1093,BS_87,BS_87_9_AC.pickle,3,post late,0.571193375,
1094,BS_87,BS_87_9_AC.pickle,4,post late,0.574251729,0.5220601970167957
1095,BS_87,BS_87_9_AC.pickle,6,post late,0.568737708,
1096,BS_87,BS_87_9_AC.pickle,13,post late,0.453979481,0.4599233987393873
1097,BS_87,BS_87_9_AC.pickle,14,post late,0.518496262,
1098,BS_87,BS_87_9_AC.pickle,16,post late,0.453879288,0.5364473116760248
1099,BS_87,BS_87_9_AC.pickle,25,post late,0.504599219,
1100,BS_87,BS_87_9_AC.pickle,27,post late,0.607970297,0.6193395991071214
1101,BS_87,BS_87_9_AC.pickle,30,post late,0.49874573,0.4999851285185958
1102,BS_87,BS_87_9_AC.pickle,31,post late,0.51075771,
1103,BS_87,BS_87_9_AC.pickle,38,post late,0.490798057,
1104,BS_87,BS_87_9_AC.pickle,46,post late,0.567515629,
1105,BS_87,BS_87_9_AC.pickle,48,post late,0.541152326,
1106,BS_87,BS_87_9_AC.pickle,50,post late,0.49206773,
1107,BS_87,BS_87_9_AC.pickle,51,post late,0.55452302,
1108,BS_87,BS_87_9_AC.pickle,60,post late,0.564785296,
1109,BS_87,BS_87_9_AC.pickle,74,post late,,
1110,BS_87,BS_87_9_AC.pickle,77,post late,0.52718331,0.5297974557553504
1111,BS_87,BS_87_9_AC.pickle,86,post late,0.529418044,0.6069251369226094
1112,BS_87,BS_87_9_AC.pickle,87,post late,0.577472301,
1113,BS_87,BS_87_9_AC.pickle,105,post late,0.422170262,0.4986270286783522
1114,BS_87,BS_87_9_AC.pickle,109,post late,0.522329404,
1115,BS_87,BS_87_9_AC.pickle,120,post late,0.518363044,
1116,BS_87,BS_87_9_AC.pickle,128,post late,0.462771564,
1117,BS_87,BS_87_9_AC.pickle,131,post late,0.560280482,
1118,BS_87,BS_87_9_AC.pickle,135,post late,0.569907568,
1119,DS_15,DS_15_12_AC.pickle,1,post expert,,
1120,DS_15,DS_15_12_AC.pickle,4,post expert,,
1121,DS_15,DS_15_12_AC.pickle,6,post expert,,
1122,DS_15,DS_15_12_AC.pickle,8,post expert,,
1123,DS_15,DS_15_12_AC.pickle,17,post expert,,
1124,DS_15,DS_15_12_AC.pickle,19,post expert,,0.4941201962809917
1125,DS_15,DS_15_12_AC.pickle,22,post expert,,0.4452877619539551
1126,DS_15,DS_15_12_AC.pickle,31,post expert,,
1127,DS_15,DS_15_12_AC.pickle,32,post expert,,0.5028984282762692
1128,DS_15,DS_15_12_AC.pickle,42,post expert,,0.6393358323494688
1129,DS_15,DS_15_12_AC.pickle,47,post expert,,
1130,DS_15,DS_15_12_AC.pickle,48,post expert,,0.6550387654958678
1131,DS_15,DS_15_12_AC.pickle,60,post expert,,
1132,DS_15,DS_15_13_AC.pickle,9,post expert,,
1133,DS_15,DS_15_13_AC.pickle,11,post expert,,
1134,DS_15,DS_15_13_AC.pickle,12,post expert,,
1135,DS_15,DS_15_13_AC.pickle,20,post expert,,
1136,DS_15,DS_15_13_AC.pickle,25,post expert,,0.7482943722943723
1137,DS_15,DS_15_13_AC.pickle,34,post expert,,
1138,DS_15,DS_15_13_AC.pickle,41,post expert,,
1139,DS_15,DS_15_13_AC.pickle,42,post expert,,
1140,DS_15,DS_15_13_AC.pickle,60,post expert,,
1141,DS_15,DS_15_13_AC.pickle,65,post expert,,0.545381780911342
1142,DS_15,DS_15_13_AC.pickle,67,post expert,,
1143,DS_15,DS_15_13_AC.pickle,69,post expert,,
1144,DS_15,DS_15_13_AC.pickle,70,post expert,,0.7110649350649352
1145,DS_15,DS_15_13_AC.pickle,79,post expert,,
1146,DS_15,DS_15_13_AC.pickle,80,post expert,,
1147,DS_15,DS_15_13_AC.pickle,84,post expert,,
1148,DS_15,DS_15_13_AC.pickle,86,post expert,,0.5764376743730406
1149,DS_15,DS_15_13_AC.pickle,93,post expert,,
1150,DS_15,DS_15_13_AC.pickle,98,post expert,,
1151,DS_15,DS_15_13_AC.pickle,99,post expert,,
1152,DS_15,DS_15_13_AC.pickle,102,post expert,,
1153,DS_15,DS_15_13_AC.pickle,105,post expert,,
1154,DS_15,DS_15_13_AC.pickle,111,post expert,,
1155,DS_15,DS_15_13_AC.pickle,112,post expert,,
1156,DS_15,DS_15_13_AC.pickle,113,post expert,,
1157,DS_15,DS_15_14_AC.pickle,0,post expert,0.536747725,
1158,DS_15,DS_15_14_AC.pickle,1,post expert,0.456274,
1159,DS_15,DS_15_14_AC.pickle,18,post expert,0.481584145,
1160,DS_15,DS_15_14_AC.pickle,20,post expert,0.453254119,0.4863406259703729
1161,DS_15,DS_15_14_AC.pickle,31,post expert,0.593339306,0.5997767000931558
1162,DS_15,DS_15_14_AC.pickle,36,post expert,0.574963756,
1163,DS_15,DS_15_14_AC.pickle,41,post expert,0.640973198,
1164,DS_15,DS_15_14_AC.pickle,44,post expert,0.60493192,0.5664149405446874
1165,DS_15,DS_15_14_AC.pickle,52,post expert,0.619794637,0.5767755265128682
1166,DS_15,DS_15_14_AC.pickle,54,post expert,0.543371644,0.5154110773193052
1167,DS_15,DS_15_14_AC.pickle,55,post expert,0.501921257,
1168,DS_15,DS_15_14_AC.pickle,58,post expert,0.653960067,0.6830765475733831
1169,DS_15,DS_15_14_AC.pickle,59,post expert,0.591187712,
1170,DS_15,DS_15_14_AC.pickle,65,post expert,0.583041433,
1171,DS_15,DS_15_14_AC.pickle,66,post expert,0.775259412,0.5745275722870661
1172,DS_15,DS_15_14_AC.pickle,71,post expert,,
1173,DS_15,DS_15_14_AC.pickle,72,post expert,0.503539815,
1174,DS_15,DS_15_14_AC.pickle,73,post expert,0.575190716,
1175,DS_15,DS_15_14_AC.pickle,82,post expert,0.468662357,
1176,DS_15,DS_15_14_AC.pickle,84,post expert,0.677324814,
1177,DS_15,DS_15_14_AC.pickle,86,post expert,0.507521947,
1178,DS_15,DS_15_14_AC.pickle,87,post expert,0.510069901,
1179,DS_15,DS_15_14_AC.pickle,89,post expert,0.510130354,0.5127642519224799
1180,DS_15,DS_15_14_AC.pickle,93,post expert,0.456862495,
1181,DS_15,DS_15_14_AC.pickle,100,post expert,0.449561241,0.5559906570223025
1182,DS_15,DS_15_14_AC.pickle,104,post expert,0.54294808,0.5673459047984364
1183,DS_15,DS_15_14_AC.pickle,114,post expert,0.678394171,0.5310458472610371
1184,DS_15,DS_15_14_AC.pickle,121,post expert,0.55583307,
1185,DS_15,DS_15_14_AC.pickle,137,post expert,0.750528432,
1186,DS_15,DS_15_14_AC.pickle,146,post expert,0.642057172,
1187,DS_15,DS_15_16_AC.pickle,0,post expert,0.486685507,
1188,DS_15,DS_15_16_AC.pickle,7,post expert,0.526627034,
1189,DS_15,DS_15_16_AC.pickle,17,post expert,0.589832427,
1190,DS_15,DS_15_16_AC.pickle,23,post expert,0.613282304,0.662663534177244
1191,DS_15,DS_15_16_AC.pickle,26,post expert,0.833444244,0.603193907596327
1192,DS_15,DS_15_16_AC.pickle,27,post expert,0.680994513,0.558626123767253
1193,DS_15,DS_15_16_AC.pickle,32,post expert,0.75159958,0.5009211296550007
1194,DS_15,DS_15_16_AC.pickle,33,post expert,0.547586416,
1195,DS_15,DS_15_16_AC.pickle,35,post expert,0.564589989,
1196,DS_15,DS_15_16_AC.pickle,38,post expert,0.697193399,
1197,DS_15,DS_15_16_AC.pickle,40,post expert,0.572849371,
1198,DS_15,DS_15_16_AC.pickle,48,post expert,0.618616124,0.5843533118581506
1199,DS_15,DS_15_16_AC.pickle,49,post expert,0.549159069,
1200,DS_15,DS_15_16_AC.pickle,68,post expert,0.594,
1201,DS_15,DS_15_16_AC.pickle,69,post expert,0.610551433,0.5461952755158095
1202,DS_15,DS_15_16_AC.pickle,70,post expert,0.546098173,
1203,DS_15,DS_15_16_AC.pickle,72,post expert,0.611601364,
1204,DS_15,DS_15_16_AC.pickle,73,post expert,0.638176109,
1205,DS_15,DS_15_16_AC.pickle,77,post expert,0.867853369,0.6438371760323374
1206,DS_15,DS_15_16_AC.pickle,78,post expert,0.485050374,
1207,DS_15,DS_15_17_AC.pickle,0,post expert,0.662104286,
1208,DS_15,DS_15_17_AC.pickle,2,post expert,0.44299731,
1209,DS_15,DS_15_17_AC.pickle,5,post expert,0.540063995,0.5422970013275293
1210,DS_15,DS_15_17_AC.pickle,8,post expert,0.553213235,
1211,DS_15,DS_15_17_AC.pickle,14,post expert,0.550919318,
1212,DS_15,DS_15_17_AC.pickle,15,post expert,0.646036191,
1213,DS_15,DS_15_17_AC.pickle,22,post expert,0.480872128,
1214,DS_15,DS_15_17_AC.pickle,25,post expert,0.550682947,
1215,DS_15,DS_15_17_AC.pickle,26,post expert,,
1216,DS_15,DS_15_17_AC.pickle,28,post expert,0.571761555,
1217,DS_15,DS_15_17_AC.pickle,35,post expert,0.531603306,
1218,DS_15,DS_15_17_AC.pickle,40,post expert,0.542222563,
1219,DS_15,DS_15_17_AC.pickle,49,post expert,0.545987429,0.5470104390108363
1220,DS_15,DS_15_17_AC.pickle,54,post expert,0.577482032,0.5294182022784107
1221,DS_15,DS_15_17_AC.pickle,65,post expert,0.55443021,
1222,DS_15,DS_15_1_AC.pickle,3,pre expert,0.611973594,0.5241231571714144
1223,DS_15,DS_15_1_AC.pickle,5,pre expert,0.709394441,
1224,DS_15,DS_15_1_AC.pickle,6,pre expert,0.553265041,
1225,DS_15,DS_15_1_AC.pickle,11,pre expert,0.490991571,
1226,DS_15,DS_15_1_AC.pickle,16,pre expert,0.513119384,0.5457890163374194
1227,DS_15,DS_15_1_AC.pickle,22,pre expert,0.593051254,
1228,DS_15,DS_15_1_AC.pickle,26,pre expert,0.47996665,
1229,DS_15,DS_15_1_AC.pickle,46,pre expert,0.685197888,0.4965619837140254
1230,DS_15,DS_15_1_AC.pickle,49,pre expert,0.566098545,
1231,DS_15,DS_15_1_AC.pickle,52,pre expert,0.561824243,
1232,DS_15,DS_15_1_AC.pickle,59,pre expert,0.641367789,
1233,DS_15,DS_15_1_AC.pickle,63,pre expert,0.461962086,
1234,DS_15,DS_15_1_AC.pickle,71,pre expert,0.460096241,
1235,DS_15,DS_15_1_AC.pickle,76,pre expert,0.497323065,
1236,DS_15,DS_15_1_AC.pickle,81,pre expert,0.750075821,
1237,DS_15,DS_15_1_AC.pickle,87,pre expert,0.767423582,0.5701816904047976
1238,DS_19,DS_19_14_AC.pickle,3,post expert,,
1239,DS_19,DS_19_14_AC.pickle,15,post expert,,
1240,DS_19,DS_19_14_AC.pickle,19,post expert,,0.6596255456392913
1241,DS_19,DS_19_14_AC.pickle,47,post expert,,0.5210734544823891
1242,DS_19,DS_19_14_AC.pickle,51,post expert,,
1243,DS_19,DS_19_14_AC.pickle,52,post expert,,
1244,DS_19,DS_19_14_AC.pickle,58,post expert,,
1245,DS_19,DS_19_14_AC.pickle,59,post expert,,
1246,DS_19,DS_19_16_AC.pickle,2,post expert,,0.6868221847324789
1247,DS_19,DS_19_16_AC.pickle,11,post expert,,0.5583319398466455
1248,DS_19,DS_19_16_AC.pickle,12,post expert,,
1249,DS_19,DS_19_16_AC.pickle,15,post expert,,
1250,DS_19,DS_19_16_AC.pickle,19,post expert,,
1251,DS_19,DS_19_16_AC.pickle,26,post expert,,
1252,DS_19,DS_19_16_AC.pickle,30,post expert,,
1253,DS_19,DS_19_16_AC.pickle,36,post expert,,0.5073943149987267
1254,DS_19,DS_19_16_AC.pickle,54,post expert,,
1255,DS_19,DS_19_16_AC.pickle,68,post expert,,0.4924397787397787
1256,DS_19,DS_19_16_AC.pickle,72,post expert,,0.5416295122089239
1257,DS_19,DS_19_16_AC.pickle,73,post expert,,0.5066061992473756
1258,DS_19,DS_19_16_AC.pickle,83,post expert,,0.5084662684265625
1259,DS_19,DS_19_16_AC.pickle,97,post expert,,
1260,DS_19,DS_19_16_AC.pickle,122,post expert,,
1261,DS_19,DS_19_16_AC.pickle,123,post expert,,0.6255680526140477
1262,DS_19,DS_19_16_AC.pickle,125,post expert,,
1263,DS_19,DS_19_16_AC.pickle,126,post expert,,
1264,DS_19,DS_19_16_AC.pickle,129,post expert,,
1265,DS_19,DS_19_16_AC.pickle,131,post expert,,
1266,DS_19,DS_19_16_AC.pickle,132,post expert,,0.5495793219461698
1267,DS_19,DS_19_16_AC.pickle,136,post expert,,
1268,DS_19,DS_19_16_AC.pickle,146,post expert,,0.7547840378575674
1269,DS_19,DS_19_18_AC.pickle,4,post expert,0.709188084,
1270,DS_19,DS_19_18_AC.pickle,6,post expert,0.597737264,0.5686493786940477
1271,DS_19,DS_19_18_AC.pickle,10,post expert,0.913784361,0.5682165224343726
1272,DS_19,DS_19_18_AC.pickle,19,post expert,0.52883244,0.6773381188414398
1273,DS_19,DS_19_18_AC.pickle,30,post expert,0.760786413,
1274,DS_19,DS_19_19_AC.pickle,2,post expert,0.924707966,0.5326996105160661
1275,DS_19,DS_19_19_AC.pickle,21,post expert,0.933081115,0.7862585199610514
1276,DS_19,DS_19_19_AC.pickle,27,post expert,0.615951494,0.5341333982473221
1277,DS_19,DS_19_19_AC.pickle,36,post expert,0.517060587,0.5404235637779938
1278,DS_19,DS_19_19_AC.pickle,38,post expert,0.751036425,
1279,DS_19,DS_19_19_AC.pickle,42,post expert,0.691284404,0.6228919182083739
1280,DS_19,DS_19_19_AC.pickle,45,post expert,0.636477301,
1281,DS_19,DS_19_19_AC.pickle,47,post expert,0.556381143,
1282,DS_19,DS_19_1_AC.pickle,1,pre expert,0.544217726,0.5684215719282024
1283,DS_19,DS_19_1_AC.pickle,3,pre expert,0.512595498,0.6400661406619386
1284,DS_19,DS_19_1_AC.pickle,11,pre expert,0.50329398,0.5171619497214256
1285,DS_19,DS_19_1_AC.pickle,12,pre expert,0.605296235,
1286,DS_19,DS_19_1_AC.pickle,14,pre expert,0.587556409,0.5015046341494931
1287,DS_19,DS_19_1_AC.pickle,15,pre expert,0.617972997,
1288,DS_19,DS_19_1_AC.pickle,41,pre expert,0.686776521,0.507140927533402
1289,DS_19,DS_19_1_AC.pickle,43,pre expert,0.558888531,0.5457055080730611
1290,DS_19,DS_19_1_AC.pickle,65,pre expert,0.554133288,0.525732495326727
1291,DS_19,DS_19_1_AC.pickle,68,pre expert,0.684454078,0.5399414433880727
1292,DS_19,DS_19_1_AC.pickle,88,pre expert,0.558968088,
1293,DS_19,DS_19_1_AC.pickle,90,pre expert,0.525407499,
1294,DS_19,DS_19_1_AC.pickle,91,pre expert,0.499390918,0.5373008927315173
1295,DS_19,DS_19_1_AC.pickle,96,pre expert,0.613773192,0.4903695647635946
1296,DS_19,DS_19_1_AC.pickle,106,pre expert,0.51726211,0.5776413324068145
1297,DS_19,DS_19_20_AC.pickle,7,post expert,0.882686855,0.4706373879931298
1298,DS_19,DS_19_20_AC.pickle,8,post expert,0.836354496,
1299,DS_19,DS_19_20_AC.pickle,14,post expert,0.928753595,0.4961998598665904
